text_clean_joined,sentiment_gemini
pertamina bisu dek,negatif
mbakk banget allah tidak ikhlasssss biarin ntar tuntut akhirat,negatif
disidak pertamina tim bahlil kualitas bbm jatim yaampuuuun gin wni serius pasrah,negatif
ncen e bahlil ahli neroko,negatif
uu lindung konsumen tidak laku pertamina susah ngelawan usaha bumn kecuali masyarakat satu demo kembali kualitas layak kendara,negatif
gais baca doa nabi yunus aja khusus pertamina jajar,negatif
klarifikasi pertamina berita tv nasional cek sesuai prosedur masalah motor masyarakat bensin gabisa nyatu kayak air logika motor masyarakat masalah tidak massal kena imbas,netral
next isi bp mba wes ready nang nginden kertajaya pemuda karo citraland,positif
dikiro rakyat iki duit e tidak entek turun gawe nang bengkel mangkel,negatif
please tanggung not rakyat dzolimi kendara rusak servis pakai uang kasi banget rakyat,negatif
jare saiki wes isok klaim baik motor mbak anak spbu koen eruh salah siji syarate lampir struk tuku bensin entuk struk ket jaman elek yo tidak dikei struk nek wayahe njaluk yo alesane opo bolo coba kei contoh alesane petugase opo ae,negatif
ngene jare onok berita jatim aman iki buktie,negatif
bahlil tanggung dosa masyarakat isi bensin pertamina,negatif
pegawai pertamina gaji akehpodo dzolim kabeh tri ne podog ikhlasg ridhokita tuntut akhiratkrn hukum dunia lemah,negatif
wni melbu surgo kabeh iki,negatif
alhamdulillah motor aman gawe pertamaxmotor genio,positif
wakil curah hati warga brebet indonesia,negatif
minimal monopoli pasar produk bagus,negatif
yaallah urip ning konoha enek wae cobaane dzolim iki pemerintahe,negatif
wis viral wis lapor pertamina e anteng ae koyok ngak onok opo awak,negatif
sing pertalite sing ngisi pertamax lakok budal nang bengkel sebelume ngisi shell aja lakok isi si merah brebet gaiso dinyalakno jare mas e bahan bakar e yo elek,negatif
trus sing bener kudu isi bensin opo guyss please mene wayah e tuku bensin soale,netral
motor karbulator rpmnya tidak stabil alhasil berangkat kuliah pas lampu merah jalan merr mati dongg mesin bayangin bel orang tidak ngebelnya,negatif
pertamina budek mbak banyak untung,negatif
indonesia gaada hukum beneran takutmengekang bahaya nyawa koruptor ya wajar makin abisin kaya indo periode abis pinter si selagi uu ampas aset hukum mati gaada ya gin sampe ratus depan,negatif
mbaa vario yo ngisi pertamax brebet brebet ancene bahlil bahlul,negatif
prabowo diem aja,netral
sebal,negatif
review motor bagi brebet isi bensin minggu tanggal isi pertalite full motor pcx senin sampe kamis pagi kerja oke kamis sore rasa gas tbtb turun strip bensin sisa jumat pagi kerja aman dikit gas motor bolak turun damnnn jumat sore parah cepat normal atas kek motor abis bensin,negatif
aja,netral
tuku bensin ecer sek,netral
salam keropos,negatif
banyak troble honda,negatif
pake pertamax turbo,positif
anjir isi pertamax turbo motor vario lawas smoga amaaan,netral
jadi,netral
semangat rin,positif
vario cc ku pantau aman ku pertalite ganti,positif
pertamina ganti rugi tidak yaa bbm gratis th gitu,negatif
ngisi nk pom ndi mbk,netral
pegawai pertamina nerimo gaji tok wayah ruwet ngene bisu kabeh pret,negatif
daerah ndi mbk,netral
enak e isi opo rek seriuss,netral
iso es teh,netral
brebet brebet dal moro mati bahlil mbokneambleg ancenn,negatif
mbk motor aja beli brebet pdhl aman pas tap bawah cair bening bawah gitu,negatif
motor sek ket minggu grg metu plat e wes bosok,negatif
ya allah tidak cuman ak yaa brangkat krja nderedeg gas motor tbtb turun ky mogok jalan parno takut tabrak blakang,negatif
sumpah kudu pisui peda pisann,negatif
pakai pertamax ngegas tidak enak banget,negatif
iki enak e tuku bensin opo rek pertamax t pertalit,netral
yuk bilang presiden jabat tidak ngaruh hidup melek yuuukk,negatif
ges coba isi pom jemursari deket rsi pom perintah kode tidak campur air kode campur air,netral
naudzubillah ojok sampe beat karbu sayang mogok ya allah eman poll isi partamax dri alhamdulillah aman mugo spbu tidak aneh aneh,negatif
mbak beat racingku yo melu trend e bahlil yaampunn iki sek durung ta gowo nde bengkel,negatif
benkelbahlil,netral
ide bagus,positif
tolong lahh woyyy bp shell adain sumpah isi pertamax boros ampun isi fulltank cuman rumah kampus ngurangin bar,negatif
bahlil,netral
bisasumpah heran,netral
oh lapang kerja bengkel jt,positif
reaksi gw,netral
bahlil cerdas bengkel langgan indonesia maju,positif
turbo kena oplos,negatif
bahlil loh tidak habis rapat,netral
jgn pertalite jelek kendara alih pertamaxbiar untung gede plotwistnya aja kualitas nyacuman tidak ngantri aja,negatif
bener shell ehh bahlil nutup shell curiga,negatif
brarti motor ngelag ngelag,negatif
capek bnget hidup indonesia,negatif
kirain motor doang,netral
ya laku,positif
pngn buka bekel makasih bahlil kasih kerja,positif
bahas sudan bang,netral
daerah situ tidak bener pertamina aman aja tu,negatif
brrti tuju bahlil mekanik motor banjir cuan,positif
bahlil b ap,netral
korban jir,negatif
bagus tidak bagus tukang bengkel dpet bnyk duit tidak kendara bayar bengkel nama yin,netral
mtorku skrang brebet pdahal kmrin tidak,negatif
pertamina bengkel,netral
jangan bilang tuju bahlil campur bahan bakar etanol sengaja motor cepet rusak tukang bengkel banjir job rezeki,negatif
bahlil dendam tu kemaren muka meme,negatif
bro motor kredit beli brebet ya ampun,negatif
kangen indonesia normal,negatif
pertamax aja pertamax rembet pertalite lih bahlil,negatif
isi pertamax aja bang ngelag,negatif
shell tidak ad barang pertamina ad barang ngrusak mesin,negatif
pertamax yo rusak trus isi opo iki,negatif
mosok y aman sepeda listrik sak iki ngisi bensin ae ya jaajahtinggal ndek konoha tidak nyaaman y rakyat derita kagak bayangin kasi motor jadul gojek gojek,negatif
pertamina sakjane isok kerja sing bener tidak sehhhh,negatif
iki sue indonesia lomba dorong motor,negatif
iki kyake perang dagang pertamina swasta antek swasta kerja pertamina mudah mengsabotase,negatif
gitu pegawai pertamina motor kena gas,negatif
mbak ganti pakek indomobil kota ku losss tidak rewel udah bengkel ya kak kuras pertalite trus bawa bahan bakar pertamina bengkel langsung isi ku abis bengkel pertalite aja brebet tidak parah,negatif
beat street suami brebet abis beli bensin apbu arjuno,negatif
gua save vidionyabiar tembus lidi,netral
andal busi,positif
rakyat terzolimin bahlil jajar bijak bbm oplos etanol moga azab dunia akhirat,negatif
kerja bahlil murid mulyono rakyat pindah motor listrik kaya usah baterai opung mulyonoi,negatif
winginane onok sing komen jare bojone meh tabrak truk goro goro macet nde dal ancene pertamina dlogokkkkk,negatif
yaampun kasi sampe gajadi kuliahbayangkan kl motor nyari nafkah,negatif
pokoke sheell bukaen onokno bbm e perintah ikiloh duuhhhh,negatif
gin kak maksud motor tap bawa bengkel habis rb pdhl gaji bulan tidak,negatif
dibahlulkan negara,negatif
usaha monopoli rugi kelola banyak korup,negatif
uu lindung konsumen tidak laku pertamina krna pertamina kualitas baik,positif
indonesia adaada aja tidak kasihan rakyat,negatif
pertamina gin ngaku rugi mulu,negatif
otw pertamax,netral
bekas bagi brebetnya,negatif
salah yaa,negatif
indo normal ya allah,negatif
bahlil rencana bengkel langgan ekonomi maju bahlil pahlawan hytam,negatif
motor,netral
pertamax gmn,netral
motor honda ya,netral
gua aja ngalamin,negatif
jatim problematik ya,negatif
motor gua nggk pertalite skrng,negatif
kena btw cwo hyper,netral
motor kena anjj,negatif
pertamax bnag,netral
dipertamina beli bensin dmna ya,netral
motor abis jatoh kmren rusak mesin salah trus servis abis normal minggu abis tu brebet bingung prasaan aja hari pikir bom sempet bengkel jangan gegara pertalite ya jir minggu abis service enak bat pdhl moto takut lokasi mojokerto jatim,negatif
motor doang,netral
pertamax woi vario gua brebet,negatif
laku,positif
habis jadi pikir cari harga motor listrik,netral
bukan salah pom menjualkebijakan tri bilang pakai etanol,netral
rumah bahlil rumah sahroni part,netral
pantes isi bbm tidak pake botol takut tau,negatif
laku libur,positif
pk presiden tolong segra copot bahlil,negatif
step by step wd jt bilek,netral
cung motor brebet,negatif
kudeta mafia migas atur rencana jatuh perintah,negatif
prabowo ayo copot bahlil dipertahanindenger keluh rakyat mohon prabowo,negatif
pertamina tidak kasih kualitas mending ttup aja biar shell bp vivo kawan ambil alihangry,negatif
bawa rumah dirut pertamina bahlil,negatif
tangkap si bahlil,negatif
bahlil b,netral
pergi aja izin usaha pertamina nakal kasi denda,negatif
kerja si bahlil,netral
pantas motor ku brebet trus bakar tidak bagus kasi uda tidak punyak kadang beli bensin aja susah motor rusak kerja beraktipitas tolong kasihan kmi orng orang orang orang rakus akn uang,negatif
mangkanya mobil motor mogok rusak,negatif
trus gmna solusi jangan sidak aja apak motor uda ngadat,negatif
rezeki habis cair jt,netral
motor temen rebet karna ulah bahlil,negatif
bahlil oh bahlihmerusak rakyat,negatif
ganti menterinyagak beres,negatif
usut tuntas papenjarakan penljabat saran campur etanol,negatif
iya motor hbs isi pertalite mlh ngeden gas berat,negatif
bensin oplos lapor tahun pertamina untung gede ya heran rugi trilyunan mirissssss,negatif
jangan salah spbu salah bijak,negatif
bahlil b,netral
sepeda sy brebet korban pertalite pom bensin dinding br kemarin bengkel sih injektor sm ganti busi isi pertalite persis ituada air mending beli ecer botol lgsg kl mmg bensin oplos,negatif
bahlil bahli,netral
curiga komplot bahlil tukang bengkel,negatif
untung tidak pakai motor,positif
gara bahlil tok kok,negatif
aampun dech ya indonesia normal aja,negatif
tukang bengkelgacor kang,positif
pertamina tanggung,negatif
bnr anjir rusak motor cowok gua,negatif
tukang bengkel cuan nihhhh,positif
kebnyakan motor matic merk honda,netral
bang bahas bobibos karya ank bangsa potensi saing pertamina,netral
motor fu rongsok bagus ja minus pertalite,negatif
iya njr gua pertalite gas renti,negatif
beli pertamax ngebrebet,negatif
pake pertamax sprti bukan pertalite,positif
rb layang,netral
air stengah,negatif
motor gua kena,negatif
kacau,negatif
mending beli bensin ecer bang bagus liat bensin,positif
turbo kena,negatif
pantesan pertamax gua rame,positif
mabok pertaliteetanol,negatif
habis rb baik motor pcx karna bensin pertalite,negatif
ih tidak motor dipinjemin supra lawas pol kantor suami anter jemput anak skolah td aman motor tidak rewel blass minggu isi full pertalite trs mbrebet sungkan sm orang kantor pinjem trus rusak tidak lucu ya huhuhu,negatif
perintah diam statemen tindak gaduh rakyat,negatif
spedaku mek ganti mbek bjoku dipakek kerja suamikumakeknya ganti bnyak mslah mtor gin plis mtor cuman jangan slah korban,negatif
motor abis tetep aja brebet full ganti sistem injeksi hadehh,negatif
jare pertamina seng salah busi mu mbak tuntuten wae,negatif
hahaha rugi kaya,negatif
sakjane subsidi iku gawe opo lek kualitas pertamina nyusahno luweh apik konsumen ben milih bensin subsidi bensin subsidi,negatif
bagus korban pertamina ngajuin gugat adil tuntut gede kasih bbm busuuk terusterusan,negatif
podo mbak bedane motor varioku jik iso mlaku suorone maleh kemrotok ape ndandakne jik akeh butuhe laine iki saiki motor iso mlaku,negatif
td pagi habis servis gara gara korban pertalite motor belah belah kasus,negatif
shell jual bensin,netral
sekolah tidak sekolah kerja lambat kerja minggu gaji fuull kurang karna potong pertaminajiancoooooook,negatif
ulah bahenol kanpreet,netral
pertamina kualitas jelek make merk laen bahan baku sulit,negatif
pertamina anjj,negatif
ngisi pertamax full tank brebet mbaa,negatif
tanggung bukan pertamina bahlil nyuruh pertalite pertamax campur etanol bagus lapang,netral
ayo rin semangatt mbatin rini matane loh cog pikir gampang nyetut peda jajal ganti sing nyetut piye,negatif
gaji jabat milliaran layan zonk selamat negara konoha,negatif
kepingin untung gede pertamina korbane konsumen men,negatif
si bahlil bengkel motor pd laris tuh heran bensin oplos pertamina rugi mulu rakyat pakai air y untung tu pertamina,negatif
beat skrg bukan uda pake pertamax ya coba cek stnk ka,netral
panen duso opo pahala nek ngene iki pertamina petinggi e,negatif
kak rencana beli motor gegara brita bobrok pertamina mikir beli,negatif
hayolooo takut banget tidak pas dipake motor malem cewek lagiii mati tengah jalan,negatif
mbak ihh kemarin brebet mati pdhl nmaxku aja mati kali tengah bunderan sier,negatif
td malem ngisi pertamax scoopy ku brebet parahhh,negatif
pertamina suruh tanggung jangan maaf aja biaya kerusakaan nanggung,negatif
podo ae kabeh laa mosok ben ngisi nde pom mesti brebet mung wedi ku mati nde dal pas rame lak sido kenek karo seng bur bos,negatif
spbu kab malang jl raya bululawang no spbu spbu jl raya no spbu ukur kandung air tidak kandung etanol sampek tanggal nop tidak keluh konsumen pertalite pertamax pas ukurane selamat isi spbu,positif
pertalite air lumpur pantes motor brebet,negatif
si ngisi bensin abs ngisi bensin motor brebet mogok penasaran mogok apa penasaran pindah bensin motor botol aqua info,negatif
untung campur campur,positif
akal menghapur pertalite pindah pertamax bnyk untung bensin hapus,positif
bahlilnya kasi kerja ngejalanin tugass bahlilnya aja duel in,negatif
kena salah pas motor brebet jalan diri pas pujon motor brebet alhasil suami jejek diri iya brebet deket bengkel jadi pujon pas alas gaada bengkel yaallah yaallah,negatif
isi pertamax brebeettt anjir iso pertamax turbo lumayan tidak brebet tidak lg mesin apakabar isi turbo trs,negatif
cung user pertamax brebetboros,negatif
mana banyak ya isi bbm spbu nama pertamina ya kali isiin bbm spbu kenang angin ketimbang ngisi bbm ya,negatif
vidio cctv pertamina tu,netral
pokok pertamina rusak dicampor dikurangikita ngisi lter isi aja,negatif
beli motor barusetelah isi spbu skrg mbrebet tidak jln,negatif
mingkin kacau aja pom leliti mah bany gk jujur pom mah,negatif
bahlil miskroscop,netral
cek aja cctv spbu pas bapak ngisi kmarin sore,netral
pertamax daerah aman sharing pake pertamax takut bjirr,negatif
oalah kelen sibuk pertamina datau salah tu busi,negatif
parahhh pertamina jangan kayak gitu rakyat konsumen kecewa berat,negatif
pergi perijinan spbu,netral
pantesan motor brebet starter tidak servis,negatif
beli byd aja ama tidak isi bensin,negatif
presiden ayo maen sosmed taw keluh kesah rakyat,negatif
sepdaku brebet niat tuku bensin mlah ngerusak sepeda,negatif
tidak tuju campur etanol jadi rekayasa mohon maaf pikir negatif,negatif
tuju masyarakan pindah pertamax krn dlu dengar dri orang pertamina pertalite bklan tidak da,negatif
pantesan beli botol tidak,netral
beli mode listrik,positif
aduh kembali shell dn bp,negatif
masak presiden tidak liat gin cuman diam,negatif
ide bensin campur etanol utk mati spbu,negatif
asli etanol tuh amanaman aja bensin kualitas standar internasional thailand amerika pakek etanol amanama,positif
sidaknya bensin mesin ambil test langsung,netral
bilah masij ngisi baju putih ngotot lihat rekam cctv,netral
beli ecer tidak campur botol,netral
kerjo sampek telat sepda berebeetttt,negatif
bojonegoro motor podo mogok,negatif
parah korban bnyk banget,negatif
tim bensin warung madura nyimak,netral
rasa motor brebet isi pertamax dorong motor hujan,negatif
yaallah bang jnganan pertalite turbo aja motor mati malem kaga buka,negatif
tangkap riza chalid,negatif
gua korban vario gen pdhal,negatif
besok berita bahlul duga korupsi xx triliun,negatif
babahlil,negatif
ganti presiden,negatif
pantes motor kayak gitu,negatif
pantau prayogo meng akuisisi spbu swasta ledak momentum,positif
motor kena kocak,negatif
gua kerja bengkel,netral
lumayan launch kontrol alami brebet,netral
siap berita viral alih isu,negatif
lahhh motor,negatif
bang motor rebet,negatif
woy laahh motor gua skrg,negatif
oplos plat merah pertamax oplos pertalite oplos tinggal tunggu gebrak beliau,negatif
nontonya jumat siang,netral
korban,negatif
bjir rencana dilakuim,negatif
ide bagus nyebar paku jalan,negatif
untung ngisi pertamax mulu,positif
kembali shell,negatif
capee capeee,negatif
kemarin motor brebetmana pas tanjak,negatif
hadir diri jatimkorban mbrebet,negatif
malem isi pertalite pagi pas pake motor rebet tidak tanda rusa,negatif
jadi motor sy teman sy brebbet isi pertalitedan efek mesin jugaharusnya langsung jreng lancarskrg mlempem,negatif
pntes oi mtor rusak skarang,negatif
pertma ad pertalite kluar jarng make krn pmbkarannya susah lengket sperti karet heran protes nanyain kn indo tunggu publik aj kek skrang,negatif
pantes mtor gaenak bngettsoalnya suka isi bensin sana,negatif
mangkane sepeda mbrebet kabehwong cilik rah iso komplain,negatif
beli gas lpg kilo warna pinkbaru mati berat isi dak pakai lagiapa sperti,negatif
ngisi pertalit pom simo senin smpe aman gess,positif
kak motor kena,netral
halah masio ngunu yo tidak kapok tuku nk pertamina,netral
akibat bijak bukan ahli bidang rakyat melarat,negatif
salam mamah,netral
ih mba bngt sumpah pdhl ngisinya dipom pertamina langsung lohtetep aja mes rusak brebet gitumana kilang minyak pertamina deket rumah lg,negatif
beli bensin meter mati kena jt benerin kira rusakin indonesia raya ya allah dah atu nya,negatif
kesini kesana rakyat tidak percaya pertamina,negatif
uda rakyat gerakbertahun bodoh pertamina gedung pertamina sak direktur,negatif
semngat mbak ganti suzuki aman sentosa soale wis support e,positif
jangan motor greget gra pdhl isi pertamax,negatif
astrea ku jarang rusak rusak busi kena rebet,positif
beat ku cakut ulan mlebu bengkel yoan mbak wing entek kudu nang,negatif
prabowo ngerti ora ikinek ngerti ko neng ae,netral
woe iya abis benerin gegara brebet kena pertalite,negatif
lihat spbu warna kuning bagus nga yah alih sm aja,netral
wes nng akr ae luwek sip,positif
numpak sepeda ae bahan bakar e soto lamongan sak es teh e timbang gawe tuku bensin tidak kualitas e,negatif
pinternya mbak ndorong teman pakai sepeda motor moga sahabat tulus hayat moga bbm cepat selesai,positif
bahlil menteri patut kasih anugerah nobel tinggi masuk guiness of record,positif
kayak bahlil sahroni part,netral
mbak motor ae mbrebettt,negatif
gara bahlul,negatif
alhamdulillah mio ku isi turbo beat karo scoopy isi pertamax supra isi perlalite aman kabeh,positif
golek duit angel soyo angel perkoro bensin,negatif
make pertamax alhamdulillah aman aja,positif
rim kak nama ku rim,netral
coba daerah pom bensin pertamina tidak isi pertamina lg kapok tidak selesai motor rusak garagara bensine,negatif
respect crwek step motor,positif
bahenol bahlil love ethanol,positif
bang vt bahasa portugis kurikulum privat bang,netral
bahlil lengser astaga,negatif
ulah bahlil,negatif
bahenol bahlil etanol,netral
salah motor tidak sesuai spec bahlil,negatif
bahlil an,netral
brebet kabeh bos,negatif
bahlil bener brazil argentina pake etanol salah mesin motor warga indonesia tidak kuat pake kyk paksa,negatif
salam seperbrebetan,negatif
mbrebet sak indonesia luucuu lucuuu,negatif
pecat si bahlul,negatif
jare kancaku gdk etanol lk nk kota ku banyu i yok opo iki rek seng penere,netral
hasil ilmu baru bh,netral
subianto,netral
orang bengkel ciprat krna byk motor masuk bengkel salah rusa krna ethanol loh,netral
cobot bahlil prabowo subianto,negatif
panyesan ngadat motor ku,negatif
bahlil b ya,netral
prabowo pura pura tidak tidak dengar,negatif
sengaja kasih air sedikittp air karna etanol pertalite larut satu air,netral
pantess motor mati bae jalan brebet pulak,negatif
kemarin sore beli langsung cekkk lek wing sore samean campuro dewe mosok ero seng sportif lek e ancen komplain,netral
jual ecer larang kacau kacau,negatif
rakyat sabar ya tidak rumah bahlil,negatif
kek pertamax campur etanol motor brebetjd susah hidup,negatif
rugi rakyat,negatif
pertamina sepeda motor ku gara isi pertalite yo brebet pakkkk pokok ganteni gawe nang bengkelll titikkkkk rumah pandaan pasuruan,negatif
guna sidak smua emang setting bgituuu heran,negatif
maaf dek pertamina hnya tidak tanggung,negatif
ya allah podo mbak wayahe nyusul anak sekolah mogok ya allah bawa bocil bel i ambek truk mobil wes gupuh kabeh bar isi pertamax iki,negatif
pancen jahat sing mbarakno rugi iku,negatif
anjaayy bu chooyy,negatif
habis jt gara gara,negatif
solusi isi bensin madura karna botol keliatann anti oplos,positif
hikmah bengkel,positif
motor ku oi gmna,negatif
pabrik busi ketawa liyat,negatif
bangga wni,positif
parah,negatif
anjir mesin motor rusak,negatif
nuntut pertamina tidak,negatif
bengkelalamak duit,negatif
ih motor gua gitu,negatif
tuntut tidak si,negatif
mekanik neng sma putus tri tpi nyindir,negatif
bahll anj emang nyari duit susah bkin susah karna service mlu,negatif
brapa,netral
jual bensin pertamina,netral
bensin oplos tetep aja ngaku rugi,negatif
sebab motor kemaren,netral
tu pas berangkat sekolah pas beli barang,netral
motor ayah ku kena gotong gerbang rumah sampe rumah,negatif
nga percaya pertamina ngisi vivo ah untung bensin swasta deket rumah,negatif
nontonnya jumat siang,netral
sebenernya bukan oplos air etanol minus serap air negara lembab bensin campur air,negatif
pake pertamax brebet motor dua brebet,negatif
motor kena,negatif
motor yo ngono mbrebet,negatif
lgsg pertamina aja mba ganti,negatif
spbu isi pertalite,netral
gua uda x mogok isi pertalitepertamina tidak beres uda korupsioplosansekarang mogok masal,negatif
la ngerti motor sng sijine rusak goro pertamina nyapo motor liyane pancet mbo isi ndk pertamina nem painem piye to,negatif
koyoke emang awak dewe dikongkon mlaku mbak kurang polusi lek pedae brebet kabeh isi pertalite or pertamax podo ae,negatif
korban jahat tidak laku tetap,negatif
tebakmesti step karo sikil yoh,negatif
alhamdulillah pilih gua bener ambil pertalite,positif
lek sing domisili surabaya info bp ready jl pemuda,netral
mbak rekomendasi aja lek motor seng tangguh tahan banting pake motor bebek aja motor kek temennya mbak jarang kena mogok kek gin,positif
podoq wing y mogok nyurung golek bengkel salah gowo ank cilik pis,negatif
wes iseni extrajoss ae spdaku,negatif
pertamina ancen guwoblok busi motor e bojoq yo puersis ngono iku mari kene pertalite,negatif
check turbo pertamina mampang motor berat beda turbo kuningan rasuna said,negatif
kali pertamina resah masyarakat dengan pertamina,negatif
beatku ya brebet,negatif
pertamina lg sibuk hitung rugi,netral
wes bner numpak ontel karo dokar ae kyok jman penjahahan itung nostalgia,negatif
mba pake stylo isi mesti pertamax sumpah brebeeett betty mosok kudu anak suroboyo gae tuku bp,negatif
iki pertamina tidak speakup ta,negatif
sepeda isi solar kak saking jengkel e,negatif
heee sumpah scoopy ku yo brebet moro mati nang embong raya beli akeh yo untung mobil mburiku tidak nabrak sumpah iki wes bahaya rek,negatif
trs iki isi opo rek bensin e,negatif
motor kmaren kenaa trs kuras bensin bening busi rusak,negatif
jangan beli pertamina merr bp gasalah superindo,negatif
motor brebet,negatif
mangkane motor anak nyandet,negatif
beliny kemaren soreko ngantri,netral
tutup aja pertamina ganti shell aja,negatif
sepeda kakak ipar mati gabisa hidup garagara bensin,negatif
mangkane brebet peda ngisi pertamax,negatif
bayar bensin aja oploss gratiss hahahahaha,negatif
anjg beli motor smpe skrng urus rw rawat rutin isi minyak full kmaren lgsung mogok jalan umur motor mogok,negatif
motor ku legrekkk gara samean,negatif
motor brebet rek,negatif
isi pertamax turbo kemarin bongkar air,negatif
beli ecer toko madura asli murni tidak oplos karna kliatan botol full jarang pertamax cm pertalite,positif
wahhhh,netral
motor rusak gara campur pertalite metanol tolong jgan susah rakyat,negatif
spbu turun harga pertalite campur air,negatif
pertamina byk tangkap gila main masyarakat korban woooooiiiiii,negatif
miris negri inisgtunyh cari duit,negatif
partalite bukan bensin,negatif
motor gt habis isi pom jatak meter mogok mati dibaw akebengkel kuras isi separoh air,negatif
tangki spbu kuras ganti karna disidak speda motor bohong iya,negatif
piralkan,netral
gua pindah pertamax normal aje hdh buang buang duit doang,negatif
bener guys motor qw hbis mbrebet pdhal brp thn pk pertalite tidak ad,negatif
aki pertaminakita cekelu emang lokasi,netral
pantesan beli botol tidak tkut tau ad air,negatif
pom malang selatan sepeda mogok,negatif
minggu kemaren ngisi ecer toko liat sepi berat stok aman aja isi pertamax langsung motor kemaren brebet jalan mati klesek gabisa kerja minnnnn,negatif
kuras tetep aja gas tidak jalan injeksi ikut rusak,negatif
motor maticku mogok,negatif
sepada mogok,negatif
rusak mesin spd mtr tolong tangkap orang campur etanol,negatif
spbu negeri konoha ulah,negatif
gara gara bensin speda brebet,negatif
mboh wes ruwet konoha,negatif
eeem alas ecer tutup acara pemerintahbiar tidak ketauancakeeep,negatif
woiii tidak tauu prosedur sidakk kahh,negatif
ya nak,netral
bang bahas mbg collab ama prindavan,netral
rakyat sabar hadap jabat indonesia,negatif
jir bg mtr gua brebet,negatif
bilang politik tidak ngaruh hidup seharihari ngumpet dimanaliat bijak org dolok kasih jabat,negatif
shell aman ta rek,netral
podo woi scoopy anyar kaet jpuk isi pertalite brebettpi mboh lek pertamax,negatif
habis brp rek bengkel bongkar gituu,netral
guys pakai pertamax aman kah,netral
periksa pom bensin,netral
pertamax gin tidak yaa,netral
bang bahas museum maling,netral
coba bahas king evos is backkkkkk,positif
when dunia full of korupsi,negatif
indo serba mahaltapi kualitas beda banget langit bumi,negatif
bengkel berterimakasih bahlil,negatif
motor brebet langsung sedot pertalite isi pertamax alhamdulillah aman tetep aja bahlil b,negatif
tidak nakal works enggak pikir aja isi fulltank bawa kuras bensin simpen ember diendapin pisah bensin bahan oplos habis pindahin lg bensin dalam tangki,negatif
kang bengkel,netral
motor hasil utang eh aja rusak gara isi pertalite,negatif
sabar ye saudar ku indo salam malaysian,positif
saham bengkel,netral
hati jendral,netral
pantesan motor suka mati jalan,negatif
aduh kakak kelas ku pkl sibuk,netral
tukang bengkel laris manis,positif
pertamina sby,netral
scoppy dar beli pertamax trs,netral
podoo mbak beat street ku yo kenek jancok i bahlil,negatif
yo dadi gaisok pp beatku gabisa nyala,negatif
piyemosok iseh arep mileh bahlil partaine maneh,negatif
erin mesti spek balap iso nyurong soale step motor,netral
podo mbk motor brebet,negatif
maksute e opo pertamina lak koyok ngene seng gae susah opo n tidak onok tindak opo rasane adem ayem ae enak seng pertamina tetep kipas duit lha susah,negatif
motor bengkel kak,negatif
pisah etanol pertalite,netral
mbak isi turbo aj mbak beat pake pertalite tidak enak pakai pertamax tidak enak pakai turbo enak mbak,negatif
wees mbuh pertaminakatanya rugi tuku bayar cashmalah pordak eee oplos wesss mbuh negoro ikipak prabowo piye mentrine iki esdm,negatif
manusia klereng tanggung pertamina kak,negatif
duhh akuu gaene pom mobil aman sehh moga aman sak rusa,positif
mba podo wes dino mslhe gae budal moleh kerjo,negatif
shell banyak cabang,netral
beli seblak ganti oli opo sehh,negatif
sepeda e ayah ku yo gawe pertamax tetep macet,negatif
monggo kait pertamina tanggap keluh masyarakat kait pertalite,negatif
mending shell aja,positif
fazzio ku isi pertalite ibuk kemarin brebet bet duh,negatif
iyo mbak moleh kerjo tuku pertalite brebet besok e moleh kerjo tukuno pertamax astaghfirullah mati gaiso dstater gaes nuntun teko pom tekan omah adoh kesel moleh kerjo iki gojek karo ngebis trus kerjo e sepeda motor melbu bengkel jare rusak busi e smpek an,negatif
scoopy yo dadi korbane pertalite ngisi pertalite rb kenek servis rb,negatif
samaa kak motor hbs isi pertalite brebet trs ganti pertamax baik huhu,negatif
untung deket rumah pom mobil beroprasi tidak pertmn,positif
nek gawe pertamax yo tidak cocok polane sepeda tenaga karbu setel yo enak,negatif
betull bgtt beatbstreet yo mbrebet,negatif
drpd pertamina gaji komisaris miliar tidak lbhbaik ganti baik motor rusak krn bbm,negatif
tangki ku karat gtu yamasak bensin masuk air ya,negatif
bahlil b apaa,netral
pantesan motor tidak tahan cepat rusak sebab,negatif
pasuruan brebet,negatif
bahlil lihat tuh susah rakyat paham tidak,negatif
solar campur air mobil teman kena,negatif
prabowo tidur viral bangun,netral
pantesan motor masyarakat rusak,negatif
copot tri anak mogok motor,negatif
aja motor rusak injesi trusd,negatif
mendingkadang air campur warna,negatif
gus iqdam bahlil orang,netral
motor kemarin brebet habis tangki dibersihin tukang bengkel aman aja,positif
pertalit motor brebet,negatif
byk korban gaknusah ngelak lg,negatif
motor rusak bengkel banjir rizki,negatif
wilayah tuban bojonegoro lamongn pakbnyk sepdh motor pd rusak bekebet hbs isi bensin,negatif
pertamax antri,netral
beneran daerah gresik motor brebet mogok isi pertalite,negatif
gara pertalit sepeda brebet,negatif
tidak tindak ya ulang trs jadi spt tugas intelejen ngapain aja ya,negatif
pantesan motor hbs servis lancar trs stlh hr isi bensin ecer aman lnjut lg hr isi pom brebet,negatif
tetep korban rakyat kecilkasihan korbanapa tidak takut kualat yach,negatif
pertamina banget tinggal petronas,netral
etanol kah campur,netral
copot aja tuh si bahlil nyusahin rusak woy mobill,negatif
bener banget spdaku langsung mati,negatif
mayjend sungkono o,netral
kereta ku mogok campur etanol,negatif
motor brebet anjj kasih etanol,negatif
bahenol bahlil etanol,negatif
etanol ajar barat urai premium pisah gin bosa serus,netral
curang pertamina,negatif
plesss cepet tindak lanjut pertamina sampe sepeda ku rusak i benerin tidak murah kasihan ojek online bentorbecak montor milik motor benerin sepeda karna ulah iya uang benerin tidak sepeda tidak milik kendara kecuali montor ojek online cari nafkah kerja berangkat kerjaa kasihan banya pinggir jalan sepeda brebet fatall usut,negatif
gara si bahlil motor gua brebet,negatif
pertamax tidak iki lek pertalite ancen iyo bener no lek pertamax gag iki,negatif
alam semarang beat street minggu brebet gas pas jln macet ndut an gas gede aman boros lkm jemput anak,negatif
lha seng tidak oplos iki opo terus reekkk pertalite pertamax podo ae,negatif
dorong kanan kakak kaki kiri dorong ujung knalpot,netral
keren banget temennya kayak gt tahan teman,positif
alhamdulillah astaghfirullah,netral
guwa korban,negatif
rejeki kang bengkel,netral
bang bahas atlas i kapal lord boros,netral
alami kendala pertamina tanggung sumber bahlil ntah valid ngga seliwer tiktok,negatif
tukang bengkel senyum iki langsung rame,positif
bahlil ganti motor rusak yuk tagih karna gitu tidak gaas,negatif
pertamina kiro kiro iso klaim rusa customer sak endonesa ta tidak yooo,negatif
pake astrea ihhhh,negatif
dampak motor matic full injection karbu aman,netral
sing neng kabupaten piye iki enek e muk pertamina,negatif
pertamax neng varioku ngeden jir,negatif
tag bahlill rekkk,netral
kakk sadar tidak pertalit nasib kayk premium aja diilangkan loh pake pertamx ndk gt pertmax nntik opls sma pertalitr kak nada dering,negatif
samaaa mbkk sampe ganti filter bensin sensor gas ttp macet,negatif
mbak beli spbu coco kode depan beli sana case nnti bantu bawa bengkel mbk bawa bukti pembayaranpembelinya claim,netral
dah suzuki nex isi pertamax alhamdulillah sek aman cuman tari kek berat gitu skr tidak kek pertamax jaman,negatif
iyo pek motor yo brebettt anjerrrr ngisi ng pom darjo pdhal,negatif
ihh motor brebett tauuuu,negatif
kakk motor beat cerita kmrin sblm dipinjem orang bensin full beliin pertalite mesin enak gas pas dipinjem sm bapak rs dibeliin full sm mesin pake kyk berat mogok,negatif
surabaya byk pilih pom bensin swasta kak daerah lbh milih ngisi mobil indostation krn swasta tidak percaya sm pertamina,negatif
pertamax kena,netral
pertamax aja bang,positif
motor beat nak capek bolak balek bengkel bagus sebentar tu brevet,negatif
saham bengkel full margin,netral
iya motor ku gas senin jalan kamis,negatif
samarinda,netral
ya allah motor kena kayak,negatif
barusan ngalamin,negatif
tar isi bensin az pake motor listrik dlu az,netral
motor kuuu isi pertamax gituu,netral
info klok tidak pertamina dimna jual bensin,netral
brebet kalsel bukan aja,negatif
heran jadi jawa sajakita tingal pelosok jarang jadi,negatif
neng bengkel,netral
gt anj emng,negatif
banjarmasin oy,netral
batas bengkel x lapor spbu spbunya aja sanggah kl bilang mesin masalah masak iya bareng jamaah gin hadehhh spbu bilang sidak aman loo bukti ancuurrr,negatif
ganti rugiii,negatif
bkn pertalite motor ku hbs isi pertamax langsung brebet mogok,negatif
isi pertamax mogok kena busi ama rotak ganti,negatif
korban motor,negatif
kalimantan kak,netral
kena bangg,negatif
motor kak jateng astaga dzalim ni perintah,negatif
isi bbm jln rajawali mangknya motor ku mogok anjirrr,negatif
bene cirebon gtu kek abis isi bensin brebet,negatif
untung,positif
wes raja lela mogok dah,negatif
cuur pantesan beat ku bet tidak mari,negatif
pantes mogok motor asuuuh pertamina goblok,negatif
motor tibapas gas kyak mati,negatif
bahlil ganteng aja,positif
beli pertamax pom perak gitu air,negatif
bahlullbahlull,negatif
rembang oplos kendara bobrok,negatif
oo nyadar brrti beli bensin dipom tidak botol takut tau,negatif
kenya rata motor berebett,negatif
bukti ngelak aja orang pertamina,negatif
motor ku ngadet jalan,negatif
gada pertanggungjawabann kahhh motor brebet sampe turun mesinn minimal dri spbu turun harga kek gimana gitu bentuk ganti rugi,negatif
gawe brebet,negatif
mending beli shell,negatif
perintah nyenengin rakyat nyusahin rakyat,negatif
tangkap bahlul,negatif
smua main orang pertamax lakuu kerass,positif
pasuruan cek,netral
cung karbu bocor gegara etanol,negatif
pindah shell shell medan tutup,negatif
dah brebett cuokkk,negatif
cokkk gara gara bahel dah mogok cokkkk,negatif
tidak beli pake jerigen tidak tahu kelakuannyaa,negatif
plis demo pertamina karyawan spbu jalan tugas kerja,negatif
pasuruan keluh bensin sepeda brebet,negatif
turun bahlil,negatif
bahenol bahlil ethanol,negatif
demo masyarakat sibuk kerja masingmasing sedih euy tidak wakilin nuntut pertamina,negatif
duar,netral
daerah situ kali,netral
wis monopoli korupsi,negatif
pantes motor rasa kek gitu gara si lil lil,negatif
akal akal pindah pertamax tidak si wkwkk,negatif
berita pertamina ngecek aman fakta bengkel,netral
pertamina tanggung,negatif
iya bener motor ngadat ngadatan,negatif
pernh gin anjr,negatif
game pause itumah,netral
mobil indostation bagus tidak gaes,netral
kemarin pertamax pertalite trus isi,netral
pantesan motor brebet,negatif
bahan bakar tidak kualitas harga mahal anj,negatif
rusak hadeh,negatif
skrg uda ksni bang,netral
kmrn pas buat mbrebet yov mergo iki soale analisis bengkel masuk air sampe turun mesin ganti sembarang kalir meh jt,negatif
ylki tolongin,negatif
ancen bahlik mbak gawe ontran ontran,negatif
podo mbke spda brebet kbh,negatif
opo hubung bbm mesin kotor jaka sembung tidak bawa golok,netral
matic injek mumet beat rompal gara pertalite kak,negatif
tangerang aman,positif
lihat penuh sepeda matic honda ya,netral
kak duit habis benerin motor mulu trnyata problem bensin,negatif
lek tuku njalok nota,netral
kaya motor ku brebet tidak nisa pakai pertalite campur etanol rusak mesin paksa pakai pertamax,negatif
iki pertamina opo honda asline,netral
sby madurasm sm brebet kk servis sm ganti gusi tetep aja brebet kk tidak kerja,negatif
temenku kena anjir abis rb,negatif
tuku pom mobil ae lek onk,netral
damn,negatif
tahun pindah pom biru,netral
moga lancar kuliahnyantar jabat jangan putus nyusahin orang ya kak,positif
bener asli kirain motor doang masalah pas buka tiktok tau ngalamin,negatif
mesakke rek yoopo bahenol bantu dorong gelem ta,negatif
barang bukti kilang minyak bakar,netral
spd motor isi pertalite brebet bawa bengkel ganti pertamax mati nyala mati nyala gitu,negatif
mbakkk peda mari servis,netral
pindah indomobil ae mbak,netral
kena mesti motor merk ya aaaa,negatif
pling bener isi mobil,positif
gin buka lapang kerja bengkel,positif
asli euy dekah kmren brebet kuras tangki isi smaaa,negatif
tangki kilang minyak bocor masuk air,negatif
asli kena,negatif
pertamax wehh,netral
beli spbu bensin ecer,netral
motor jugaa ihh pas ujan deres pulang sekolah tiba mati,negatif
pertalite hujat rakyat rugi tukang bengkel untung,negatif
pertamax tidak glm mlaku blassssssss gas e,negatif
kalimantan kena,negatif
gua motor gua doang,netral
fyp telat motor ku masuk bengkel kemarin,negatif
motor brebet gitu opolosan daerah dluan dlu sblm viral kendala ya,negatif
mending gruduk aja rumaj si bahlul gblk,negatif
kalsel bang,netral
lite oplos lebih tiktok lite,negatif
kalbar gitu btw korban,negatif
yng kena pas servis kena guys,negatif
pertamax,netral
motor ku kena,negatif
motor sensei ku rusak gegara pertalite,negatif
iya kak kayak gitu,netral
ancuk korban e siang habis,negatif
gua isi vivo tidak bisaaaaa tidak isi pertamax emang tiiiiiii,negatif
negara,netral
rejeki tukang bengkel,netral
bang bahas kian mundur jam sholat,netral
motor cowok gua gitu,negatif
tukang bengkel cair cair,positif
bang bahas ujang rajin ngaji,netral
motor kena jugaa bingung beli bensin mana bp shell dekat tutup tidak buka,negatif
kayak turun tangan lapang sahroni kemarin,netral
pertamax bang serius rebut,negatif
bahlul ente bahlul,negatif
sampe tuntas pertamina,netral
kayak gin tanggung jwb motor korbanya rusak,negatif
oplos menteri sidak spbu,negatif
rusak kendara tidak siih bahan bakar kaya gitu,negatif
kawal cak ji ges,positif
cek langsung pom langsung cek tempat coba,netral
pecat bahlil,negatif
emang motor tbtb brebet rajin ganti oli,negatif
sepeda korban mbrebetpadahal servisdan sepeda bengkel nasib,negatif
emang tidak demo bahlil,negatif
motor uda rusak,negatif
mobil ngisi disurabaya rusak henti jalan,negatif
sepada suami brebet hbis isi bensin pertalite takut beli bensin,negatif
tri susah rakyat jangan kasih jabat,negatif
inget bahan bakar film cars trus mogok mati mesin,negatif
sepeda brebet gimana sich habis pertamax oplos skrg pertalite sepeda brebet,negatif
mentok keluarga pertamina lanjut oplos,negatif
kendara macet,negatif
bahlil emang bahlul,negatif
tidak ngaruh bro orang,negatif
bukti mata nampak sagat aja geles pertamina gecek cek salah rakyat nantik,negatif
warga kota bekas mobil kiras tangki dj toyota jababeka bensin pertamax pertamina tidak sempurna bakar tinggal ampas gas rem masalah mesin tidak enak mohon bantu tegur pertamina,negatif
tegak hukum,positif
asli bener isi pertalite motor brebet gilir isi pertamax lancar parahparah,negatif
wajar tidak si tangki motor vbaru karat tangki,negatif
ya allah motor januari brebet mogok tengah jalan ya allah kudu nang,negatif
sumpah kak samaaa pindah pake bensin bp,negatif
pas isi motor suka mati,negatif
kalimantan bang,netral
kasi gua bree balik dalang,netral
tidak beli pakai gen nyaakan liat campur,negatif
kwalitas pertamina ragu keluh tidak benah,negatif
bukan etanol campur air musim hujan bongkar tidak rentan masuk air,netral
pasuruan sepeda brebet garagara bengsin bak sepeda mogok nunggak kerja karna kendala kendara an,negatif
uu nomor lindung konsumen,netral
bener banyu udan,negatif
ya allah poleh wedi nek gowo anak tidak lucu yo,negatif
indo demo,netral
iki presidene onok keluh sak indonesia perkoro bbm neng aejane kerjone opo presiden iki ngerti mentrine gawe ontran sak indonesia neng ae,negatif
motor asa lemah mesin,negatif
pertamax beli dmn kk,netral
rakyat bikin coba gimanakesel banget keluh rakyat asa tidak dgr,negatif
pertamina wajibbertanggung sesuai amanat uu indung konsumen,negatif
beat street kompresi srandar ya ron pertamax isi ron utk kompresi rendah motor skrg rata mesin kompresi,netral
tuku sepeda maneh ae mbak,netral
octan boster n injection cleaner neng injection cleaner x aja,netral
aq yoooo nang mayjend sungkono jam an ujuk ujuk mati motor pas muter makam pahlawan untung mobil pelan abang polisi cepek bantuin dorong mpe nyebrang deket ruko efek bahlul pake etanol,negatif
listrik aja,netral
motor scoopy shell aman damai sentosa trus atok kosongberalihlah pertalite brebet gnti busi trus gnti pake pertamax brebet boros pakai trus gnti pertamax turbo sik pancet brebet muncul vt pertamax turbo hrsnya ron stlh cek trnyata ron cm pie jaltrus kudu gnti solar ta ben aman damai sentosa tidak atek drama motor brebet maneh,negatif
temu bbm bobibos liat aja ges besok bobibos sabotase pihak saing,negatif
podovarioku iki isi pertamax mati mesinjian mangkel yoan,negatif
sampek tulungagung,netral
bnsn ecer spbu gede tetep pertamax dlu pake pertalite pertamax habis aja,netral
anak ku pakai pertamax mogokpas pulang kuliah upn,negatif
bahlil cair,netral
ngeri,negatif
jadi saksi polda metro jaya adu barang mbak cerah,netral
njalok tanggung karo kumpul manusia laknat nek pertamina yoo ra baka reken bahlil kro pertamina kui isine kumpul menungso laknat dn kutuk,negatif
kerang kuning pertamax ampuuuun mbaakk motor tari gas nyaa berattt alhasil pindah pertamax turbo alhamdulillah aman mbaa,positif
doain indonesia ijabah tidak doa ges,positif
sepeda gin mah,netral
trus xride gua pake bensin wktunya isi bensin lg,netral
motor rusak gara,negatif
pingin misuh,negatif
bahlil bantu buka lapang kerja maju umkm bengkel,positif
nak brebet taman jugak nak satu nak jugak emang mantap kosan orang nak bukan aja kesel,negatif
bang pake pertalite rebet trs ganti pertamax mogokkk,negatif
pertamax skrang pertalite,netral
yauu sampe capek benerin motor mulu,negatif
putar ekonomi orng orng belanja,positif
koviv pers motor,netral
motor masuk bngkel ganti busi sm bngkel tidak pk pertalite lanjot isi perlatite brebettttt,negatif
tidak nyangka motor ikut fomo,netral
bensin oplos ditmbah etanol,negatif
motor bukan x hari mogok brebet jalan sy isi full spbu,negatif
yapping,negatif
motor brebet njir,negatif
bang bahas papa jerome bang,netral
iyaaaa bener lagiiii,positif
trus isi bengsin mana woi,negatif
tarik,netral
bpk nasrani anak mondok pke kmeja item,netral
beli kesitu beli isi air,netral
motor bnyak suka rusak,negatif
beli kemaren sorehari konplain,negatif
suami isi beli ecer alhamdulillah tidak kendala,positif
pantes mbil suka rebet,negatif
untung kuasa x lipat ngoplos minyak spearpat motor paham mksud,positif
hasil bodoh dungu rakus,negatif
motor isi pertamax bretbet dikit isi pertalite brebet mati anj,negatif
smua spbu memng,netral
ji aktif ya,netral
paaaak sepeda motor bretbet,negatif
prabowo kada wani mecat bahlil,negatif
ihh motor brebet jgn gin kali ya bensinnyaa,negatif
pertamina seharuse nerima komplen,negatif
tolongggg,negatif
konspirasi alih kendara listrik kah,negatif
takut oknum bayar orang,negatif
pantes motor kmaren isi pertalit langsung angel hiduppdahal speda msih thn dri dealerajg emang,negatif
harga kualitas rendah,negatif
kena dampak asem tenan,negatif
iki harus e nek beli bensin pakek aqua campur gin taudaripada langsung motor jadi resiko brebet motorkasian seng uang e press beli bensin aja benerin motor,negatif
politik bisnis,netral
oh ta sebab pe layak gon ku brebet ae,negatif
jangan beli pertamina,negatif
prabowo sbnr tidak,netral
pertamina jatim rek,netral
nmax ku jek aman i panggah tk isi pertalet mboh maneh depan e brebet sis po ra,negatif
motor brebet kemarin bolak bengkel sampe x gimana yah kesel sumpah gin trs mending beli motor listrik,negatif
klarifikasi aja baik aja pyn suruh tanggung jwb,negatif
atas gmn prabowo anak buah nyengsaraiin rakyat,negatif
pertamina asu ancen,negatif
wedok iso postep langka,netral
pertaminus mbak,negatif
motor kemarin brebet,negatif
sepeda pancal sehat ayoo,positif
takok nang dealer onok a dodol injeksi sing bolongane gede tukue drpda mbrebet,negatif
ya allah dzolim tenan,negatif
saiki tuku bensin struk kemarin gara pertalite motor mati servis habis ribu,negatif
ngerasain,netral
podo kak busi kyk ngno,negatif
beatku ae tk isi pertamax mbak sedino melbu bengkel,negatif
pertamina mengcarry rakyat indo gampang masuk surga,positif
pom bensin daerah kak,netral
kug tidak demo ya,netral
ngene ki solusi ne piye yo po sak negoro pe dikei motor kabeh nek wes rusak,negatif
ganti exxonmobil ae wis ngene iki carane,negatif
lho pagi korbane bahlul,negatif
habis servis motor full bengkel resmi abis rb full ya rek pokok ganti posisi abis celaka tidak servis bln lbh uenakkkk pol eh gaiso nyala susah distarteraku ya abis bensin ta penuh heh wkwktrs liat berita brebet iki kayak e motor kenamslh e ya abis rb servis full trs dikit servis gara bensin e rakyat sugih ya,negatif
pertamina itachi bengkel laku rame,positif
motor astaghfirullah bengkel alhamdulillah wasyukurillah,negatif
motor rekan kerja tidak brebet mati total iya,negatif
campur campur aja tidak sesuai kendaran anehh,negatif
kompak nepalkan bahlil,negatif
pertamax campur pertalite pertalite campur etanol,netral
demo tidak pertamina,netral
yaampun rek adekuu pedahe disurung,negatif
ngakak warga ini,positif
deg degan woii kemaren abis pinjem motor sodara motor dipake kerja kaka trs beliin pertamax woilahh motor pake pertalite woilahh,negatif
masuk bengkel rb,netral
info motor spacy karbufi brebet tidak,netral
motor brebet ganti sensor tps brebet saran bg bener,netral
madura jugak pakbanyak sepeda motor mati isi bbm spbu,negatif
jawa timur solar langkah,negatif
bahlil b,netral
alas gaboleh pake jeliken bier tidak liat,negatif
efek klao menteri tidak kualitas tidak ahli bidang,negatif
pantesan rencana larang jual bensin ecer,negatif
tuju atas jabat tinggiseolah rencana rakyat berat atur ituyang atas senyum pikir rakyat suara,negatif
ya prabowo biar bijak bahlil rugi rakyat mensehterakan rakyat,negatif
kendara masyarakat cepat masuk bengkel,negatif
bahlil tangkep,negatif
bahlil turunin laah bgtrakyat juta main doang,negatif
astaga kemaren pertamax skrg pertalite gk sudh,negatif
pertalite indo mahal kwalitas buruk masak berita campur etanol parah parah,negatif
ya maknaya vivo sma shell jangan tahan dikosongin tidak sudi gua beli pertamina,negatif
bilang campur ethanol aman cari bilang kerja,negatif
hhhmmm ttp aja kagak tuntas,negatif
ya sepeda brebet ganti tamak lamcar,negatif
habis tamak palsu skrg pertalite,negatif
bukan etanol campur air hahah,negatif
gimna jln kluarnya,negatif
cek jareeiku lak jaremu a,netral
atur larang beli pake plastik drigen liter iya mgga liat,negatif
bukan pertalite aja tpi pertamax,netral
ksalahan pom bensin tidak cek tidak teliti mobil tengki pertamina,negatif
sidak beneran ya smean ambil langsung selang isi loh cak jiii,netral
sidak langsung aja pa nozlle jangan bawa botol mesin pompa dispenser langsung aja ambil sample,netral
motor gua kena sakit bjir,negatif
pertamax,netral
bengkel makasih lil,positif
s marketing pertamax,netral
punya barusan ganti busi tahun ganti busi,netral
tidak pertalite ajaa pertamax jugaa,netral
bang nanya orang korban jiwa bencana perang korban banget,negatif
motor gua gitu pdhl service,negatif
emang motor ane ni bunyi eh brebet mati mati haduhhh,negatif
mobil brebet bang tunggu ya,negatif
pantesan,netral
iya bjir brebet kek mo mati mtor gua,negatif
iya sihh,netral
gua isi turbo pulang kerja motor gaenak endut endut padhl vario,negatif
kelakuann tri ganteng gin amatt,positif
mekanik bengkel resmi mekanik bengkel pinggir jalan,netral
tanggung perintah,negatif
pertamina turuuuuun jangan nglenyem ae,negatif
honda maneh,negatif
pertamina anjm,negatif
semangat rinn,positif
kaya ta direksi pertamina,negatif
salahkn si balul,negatif
spedaku nak tidak ngelles,negatif
konohadiman pmerintah bisnis rakyat,negatif
pertamax,netral
oh bensin motor brebet service ttp bengkel ngasih y bensin,negatif
omaaagmn orng bengkel ngisi pertamax pas pertalite kosong pom,negatif
astaghfirullah marah banget b,negatif
pantes mtrku kek gitu,negatif
motor brebet alhamdulillah servis moga tidak mbrebet,positif
konspirasi lord bahlul asosiasi bengkel,negatif
jatim kelinci coba etanol,netral
admin gerindra nihhh oke gas oke gas,positif
kampung motor brebet massal anj oplos please prabowo tolong tindak,negatif
parah pertalite skrg motor cepat rusak kotor tangki dasar mah beli pom antri ampun parah parah,negatif
zolim rakyat yaallah,negatif
q kemariin ngalamin pom magelang luurrr,netral
hukum berat bahlilbila suruh minum etanol dn bensin dampot tenan bahlil,negatif
akun bahlil komen nonaktif rek,netral
memzng iya pertalit campur etanolmangkanya beli pertamax aja,negatif
parah non ketimbangkena tipu jugak ya,negatif
anku beli pertalit sepeda macet bolak,negatif
alas spbu pertamina larang pake botolplastik bukti tri esdm gmn kayak gtu tanggung,negatif
wes dang demo,negatif
sibalili hrus tanggung jangan masarakat sasar,negatif
jember motor keluh sepeda brebek,negatif
pantes sensor bensin gampang rusak,negatif
isi pertalite ban mala pecah,negatif
ganti shell,netral
aaku gituuuu,negatif
hidup sulit nambah sulit,negatif
rezeki orang bengkel,negatif
shell bensin,netral
viralin,netral
bahlulll,negatif
bekel full senyum,positif
rusak ganti negara mah tidak betulin bensin beli,negatif
oh mrebet gara pertalite ya kirain krna blm gnti oli,negatif
cung aja malam kak motor kakak ku tapi rebet brebet mogok gitu tidak engkol,negatif
pantes motor ku ngadat gitu jalan,negatif
akibat jabat isi bukan teknokrat please depan jabat tri isi teknokrat purbaya,negatif
gua gua doang,negatif
isi pertamax bg keluh gitu,negatif
pertamax tidak bang,netral
binggung searching bbm kasih etanol yah tpi mulu isi bbm spbu,netral
tmpat ku aman aj anjir mlh beli ecerann daerah jawa aj ituu,positif
dahlahh korban,negatif
tambahannnn solar langka daerah alas sinyal eror scan barcode kudu nunggu jam blom jam scan lg ujung nambah jam gila dagang muter ekonomi aja sulit,negatif
podo mbaa keluh tamak,negatif
motor sek enak iso surung kancane lha mobil matic lho opo tidak nangispas tb mandeg jegrek dal surung tidak kenek bedo karo mobil manual,negatif
sll isi pertalite kdng pertamax aman aman ajatp mmg sll serviceganti oli,positif
bnyak korban tpi blom ad tindak tipu tidak jual minyak otor rusak,negatif
orang kaltim situ posisi mu,netral
mbak beli pertamax brebet bengkel habis,negatif
kreta brebet teruss anj laa,negatif
langsung cek ajah spbu mumpung spbu,netral
tangkap mafia pertamina,negatif
jangan pa de bukti tank pom air tank gojek air karna beli ecer pas ujan warung,negatif
kemarin sore kirain ngisi langsung periksa,netral
ihhh motor gitu bbrp skrng aja masuk lg bengkel pake pertamax,negatif
demo part,netral
saran gin motor gmn ya takut pas jalan mogok,negatif
orang jual bakso,netral
mekanik untung capek jirr,negatif
alternatif guys,netral
ulah si bahlil,negatif
benerrr motor gua brebet co,negatif
asli bang bner cape bengkel,negatif
tukang bengkel anggota mekanik jurus tkr harga benerin motor,negatif
loh,netral
oplos pakai bensin,negatif
tukang bengkel,netral
isi indomobil amannn,positif
mobil,netral
anjjj nyusahin bgttt,negatif
mobil ajaa brebet anj,negatif
tolak petronas bensin asli bensin campur good idea,positif
aman pertamax ya bang,netral
stok alih listrik,netral
tidak ngomong kasar wakil tidak,positif
jawa timur doang jabar aman,positif
pertamax jugakayak gin,negatif
kaya sengaja giring pake kendara listrik tidak,negatif
podo yo wes ono minggu iki vario gas mlh matidulurq yo ngunu servis entek mogok trus wes ono minggu,negatif
ka isi pertamax kemaren sore skrng mtr brebet blm bawa bengkel,negatif
pertamina rugi,negatif
coba o yamaha mbakmesine bandelrata seng korban spedane honda,positif
pertamax ksongmaunya perintah,negatif
korban,negatif
kalah ama petronas jirudah murah kualitas bagus,negatif
aja kena bg,netral
isi bensin pake dongg,netral
perintah ngurangin populasi kendara pribadi,netral
kek beli sepeda aja gaada bensin percaya,negatif
pdhl beli peramax loh,negatif
ntb msih ama bngt,positif
samaa astghfirr dzolim perintah,negatif
kakk motor baruu poll brebet brebet beat cbs ku,negatif
isi mana mb pom nyabawa kantor adu pertamina kl sana sulit viralkan lg mb rakyat laku nepal,negatif
shell aja nolak tuh campur,negatif
absen korban barusan,negatif
ya anak beli pertalit daerahmalang sepeda pakai pagi jam henti dadak isi pertalit stater brebet mati nuntun gimana,negatif
emang nyata tonggoku ngisi motore mbrebet nang bengkel entek ewu lek emang rekayasa mosok akeh seng kenek,negatif
ahahaa tidak nyalahin buka situ doang,netral
bagus sidak pertamina semuaaa,positif
korban de,negatif
jual botolgitu tidak airnyaentah kl masuk tank motor guncang,negatif
lil bahlil,netral
alhamdulillah jateng jaya semenjak dpt bansos,positif
siksa pda rakyat,negatif
pertamax aja,positif
bahlil gua telat tka gra bentol,negatif
isi pertamax jam pom bensin madura pas jam brebet ya allah,negatif
kemarin sampe jatoh bang,negatif
motor brebet,negatif
bukan aja,netral
solusi pertamina mobil tangki transparan,positif
pertamina sulit percaya,negatif
kasi rakyat,positif
pertamina gimana tanggung bayar beli bensin kes aja rugi terliunan,negatif
pertamax kotor residu pertalite,negatif
atur orang biadap pusat,negatif
ayo rim semangat,positif
sedehh nek motor anyar lha nek motor ngunu karuan e beat lawas nek amyar menang,negatif
pertalite pertamax tidak beda,netral
yuk larisin spbu swasta aja rek,positif
isi bensin sell sekrng kosong trpaksa isi pertamax,negatif
podo mbak beatku isi pertamax yo brebet,negatif
alami ganti bp amannn josss,positif
samaaaa gabisa gasss anjirrrr,negatif
keluargku kena,negatif
motor beli rebet,negatif
njay motor yahku gituu,negatif
pertamax jugak,netral
cerita etanol bensin buang bensin pertalite jadiin pertamax,netral
punya tibatiba mati gtu bkn ap tkutny pas ngebut blkng ngebut eh tabrak naudzubillah min zallik,negatif
bener si bahlul ulah aja,negatif
kena jir,negatif
bahlil goyah maha sakti bahlil lakada tuh,negatif
rusak banget dahh indonesia,negatif
klk pertamax aman tidak ya,netral
pajak njirrr,negatif
bahlil bahlil,netral
oke gaes pacar gitu habis bawa bengkel tetep aja brebet trus malem bawa bengkel orang bengkel brp orang motor kasus guendeng poll,negatif
jawatengah jabar banten pertalite pertamax aman ngak mogok rebet cek spbu curang sopir tangki coba cek ngak spbu jatim campur air,negatif
aman brebet mati switch standart samping erorya mati switch,negatif
turbo tidak yaa,netral
laku msh aman n jabat yaa,positif
motor ih rusak beberebedan isi pertamax trnyata krna tidak prnh service,negatif
plat merah bagus,positif
ganti bahan bakar mobil aja dlu kakaman,netral
bahlull tinggal grup,negatif
gara etanol,negatif
kusut pertalit,negatif
bener campur etanol,netral
motor brebet mulu sblm jln warm up,negatif
tolong usuult bbm rugi bahaya rusak,negatif
etanol ubah air yaa,netral
musim ujan skrng,netral
ijin bapa beli pertamina langsung jangan bgtu kawatir oknum rusuh mending bapa bawa botol isi pertalitnya langsung bukti asli,negatif
td servis motor ditmpat suamikupertmaa isi pertalittrus brebetakhirnya isi tamak eh matidikuras bensin warna merah,negatif
usut bos sampe tuntas,negatif
sumpah pantesan motor gua brebet anjir,negatif
pertamina ngaku,negatif
moh salah,negatif
gara gara reza chalid,negatif
pimpin ahok oknum internal bantai rugi masyarakat luas indonesia,negatif
tutor nyurung motor mbakk ket biyen ajar raiso isoo,negatif
pertamina sepi wisan ket wing,netral
kak menghhindari pertalite kennak krn ganti pertamax,negatif
pertaminaindonesia gimana inih beli bensin bayar pertamina rugi motor rusak,negatif
kakaku ya pakai pertamax uda lamaaaatetep ngadat jugaaa,negatif
daerah,netral
fulpum injektorbusi kena semuaa,negatif
rapopo skalian service lek tidak ngunu tidak mok service,netral
podo mbk,netral
ka,netral
beat pop isi pertalite tidak brebet,positif
motor putri yo angel starter biasane ora lokasi jombang,negatif
pertalit pertamax sm brebet,negatif
knpa kmareb blik knpa komplen,netral
suami sidoajo sampek tidak kerjatapi sakit hati lihat respon pertamina bahlil,negatif
podo mbkbeat e ank ku yo ngonobrebetterus wsd service pancet aegk onk hasil epancet brebet,negatif
inti menteri ganti jangan beli plat merah,negatif
aja ngisi pertalite spbu ribu lngsung brebet ka,negatif
alhamdulillah spedaku tidak rewel ngisi bensin mana aman aja,positif
kayak kmrin motor wes ape sakaratul maut pertamina onok ae gebrakanne,negatif
partalit etanol,netral
pertalite tidak bagus ancur gara balil bner pke pertamax,negatif
buka kemaren kena parah si,negatif
kang bengkel,netral
motor brebet ni,negatif
kemarin abis isi pertalite,netral
podo mbukakbeat street ku thn yoan busine gosong filtere rupane kyk areng,negatif
wing gonku y mari mlebu bengkel mbk sak gurunge isi aman mari isi km an brebet akhire y ng bengkel wes,negatif
podo mbak,negatif
mntrinya dipulangin aja,negatif
keluh motor brebret rusah teryata habis isi pertalite,negatif
tidak ambil sample langsung selang,netral
fb viral minggu pertalite motor brebet motor tua pengapianya normal langsung mogok kayak motor ku bener tidak jalan otak atik karbunya tidak karu karuan,negatif
surabaya rame orang mogok,negatif
pake canpuran etanol negara maju,netral
pantes tangki bensin gua karat,negatif
astagaaa isi pertamax oplos pertalite oplos trus suruh percaya gituuu,negatif
doa tukang benkel ijabah,negatif
acau tenan iki ngene men yo yoooo,negatif
haalahhh aja isi pertalite tanggal okt an kli tidak salahlgsung mrebett pcx ku isi rbbrebeetttt bettt trs nunggu abis sampe kedip isi pertamax turbo yaa sek ttp brebeettt beettt,negatif
motor beat bln jalan nyendatscopy sampek tidak nyala sisa motor aman tidak brani ngisi ku biar nganggur garasi bensine habis,negatif
pertamini zholim rakyat,negatif
podo mbakk iki motor yo brebet bet bett,negatif
pertamina susah rkyt,negatif
motor beat kenaganti bussi septemberoktober ganti busi,negatif
mbakk samaaa beatkuu mogok donggg pas jmput sekolahh ganti pertamax,negatif
mol laku,positif
ngeluh banyak honda matic keluar terbarusedangkan yamaha mo kluaran ato tidak masalahjangan matic honda,negatif
pertamina sing salahnekudune sing gawe bijak,negatif
sat set back langsung,netral
akibat liat langsung nyngkal doa,negatif
pom surabaya seng tempate tidak gede,netral
gua pakai pertalite aman aman aja,positif
ganti menterinyabiar tidak kerja numpang keren,negatif
spbu bukan no spbu awal bbm oplos tidak murni pertalitepertamaxitu kabar real sy terima tmn kerja priok,negatif
sidak jangan lapang atur orang main,negatif
pom bensin emang nakal bener botol tangki motor dimasukin botol aqua bukti,negatif
pom bensin mesti adakan periksa,negatif
suruh beli motor mobil listrik,netral
henti bohong public uda rakyat makan hati perintah oknumuntuk kendara mreka habis mogokdan grab gojek mreka kreta mogok brp order cancel maki org,negatif
motor jugo blakangan brebet njirrr,negatif
tolong diresufle presiden,negatif
ulah bahlil,negatif
udhlhgk lgi kasihan kendara org rusak mesin aja ya ciiii i lov,negatif
sepeda brebet,negatif
minyak pertalit oplos etanol minyak tamak ter isi pertalit iya kembali minyak bensin adakan solar bukan biosolar hargasudah mahal kkn,negatif
larang beli bbm spbu tidak pakai jerigen wadah langsung tank kendara motor,netral
yaallah zalim banget,negatif
motor ku,netral
ket grng heboh pertalite brebet wes tidak tuku pertalite ancen tk rasakno nek pdhku gae pertalite gas e uwabot eh lakok saiki heboh garai brebet,negatif
mba coba pas isi bensin videoin kaltim ajuin dana baik motor,netral
podo mbk sepadae mbk ku yo kenek njir,negatif
wali kota malang tidak cak ji,negatif
iniii motor kedutt kedut bawa jalan,negatif
akibat termul jabat dirut pertamina hancur sudahhh,negatif
rindu shell,negatif
liat cctv bapa isi bengsin situ cctv,netral
hello,netral
bzirr bener banget kemaren abis ganti busi motor tidak nyala orang bengkel bilang fuel pump sampe sjuta servis,negatif
bang usaha jasa bengkel kyaknya pajekin karna skrg bantu sm bumn,netral
untung minggu blm ngisi isi suami kmren langsung indomobil,positif
bahlil maksa bli pertamax,negatif
ih motor gituu krna bensinny tohh,negatif
rizky riplay jadi kayak pertamina dlu,negatif
goblin,negatif
saatny stop pke pertamina,negatif
kemarin pertamax pertalite negeri,netral
gus iqdam bahlil nabi jangan ragu mulia,positif
bahlil jokowi cerdas si sengaja etanol motor rusak whoosh jokowi,negatif
motor bangsattt scoopy sensor injektor kena air blok buka gosong pdhal motor tidak telat ganti oli bensin full,negatif
guys isi bensin si merah rusak kecuali isi bensin swasta,negatif
enak beli bensin botol,positif
buset bang gua jalan motor mati kali,negatif
indonesia jelang aja gebrak,positif
ku campur air,netral
pantesan,netral
ngene ki lak jadi bahan bakar e pesawat campur etanol trus pesawat e macet ndk duwur sp sing tanggung,negatif
gegara si kuah rawon mbaaaaak,netral
gantio turbo saiki elek pertalite tamax,negatif
tenang mbak pertamina blm puas rakyat blm bahan coba jan giatel tel tel,negatif
sepeda motor mati mati an isi bensin,negatif
berkah bengkel,netral
untung beli,positif
ya allah kenapaaa indonesia niee jatuh orang atas,negatif
mobil gimana,netral
samarinda sblm lebaran smpi hbs lebaran kaya gin pertalite pertamax brebetngeluh jabat gubernur kaltim bilang motor jarang servis kena ad motor dealer,negatif
rusak motor,negatif
paket pertamax aja brebet bang anjiir,negatif
mtr ku cape bolak bengkel smpe nang dorong benerin harga benerin ya pulpam smpe habis kali masuk bengkel bensin pul ko ngeberebet,negatif
motor mogok mrebet,negatif
huemm negara,negatif
motor ku brebet njir,negatif
tangkap,negatif
ethanol edar motor temen guna pertalite brebet situ tidak pake pertalite enak pke pertamax,negatif
ayo cak ji bantu rakyat komplain sampur etanol bbm pertamina,negatif
november bernya apaa,netral
pantes beli bensin pake drigen tidak maubiar tidak liat campuranya,negatif
kota malang sepeda motor brebet woii,negatif
sepeda ku rusak gara bensin,negatif
upload cctv,negatif
gua beli ecer botol,netral
motor dadi draculaaa,negatif
pokok bensin jorok,negatif
jahat banget,negatif
capur air,negatif
semenjak isi vivo pas msh aman aja skrg vivoshell bnyk kosong tidak pertamina motor brebet parah gtu ngebul bau bensin mtr taro rumah aja tidak kepake mls ngisi pom pertamina tj aja aman ojol bayar brp dri pda bnerin mtr,negatif
buat koruptor geng solo,negatif
motor jadul ku kasih pertamax,netral
motor brebet,negatif
cari bahlilrakyat sll korban,negatif
ngamau ngaku alas test on sport aja bukti apa,negatif
omengi bareng kakak,netral
pertamax podo ae boros pollll,negatif
tag akun bahlil,netral
truss isi opooo looo reekpertalite bosok pertamax yo bosok sisanpiye loooh,negatif
cuman isi pertalite pertamax pertamax turbo kecuali montornya karbusaya pelihara montor karbu cuman vga zr taon aman aja pakai pertalite lhaaa paham tidak beda montor karburator injeksi,netral
korban mogok pas bar tinggal alias habis krn sisa ampas motor rusak tidak nyedot istilah bensin bar tidak,negatif
kesel bensin ku isi pop ice,negatif
bahlil posisi,netral
pertamax aman ja kah,netral
spdaku jugak brebet abis ngisi bensin,negatif
bahlil etik,negatif
motor tidak jalan,negatif
gnt pertamax krn ngeri pertalite takut turun mesin,negatif
motor brebet isi pertamax,negatif
anak bangsa pandai bensin mbk yo dukung ntuk kembang,positif
lil bahlil,netral
pntesan motor lngsung tidak enak klau gass,negatif
smpe kalsel,netral
from now on dont trust pertamina anymore,negatif
sepeda ku ya berebbet bunyi,negatif
tidak ucupin hbd ni,netral
bahlil sruh liat,netral
dah motor habis isi petralait jln arjuno brebet ahirnya bawa kebingkil,negatif
air ethanol ethanol campur air kyknya,netral
rugi rakyat,negatif
komisi lindung customer ko diam aja,negatif
sidak kalimantan byk kendara mogok isi dipom,negatif
pom bensin curang sidak pom indonesia,negatif
kalao kemarin percaya bang,negatif
motor ku brebet pakkk,negatif
motor laki brebes bocor knalpot akibat bakar tidak stabil ya ampun blm kluar dealer,negatif
mtor pcx kilometer bru rbu rebet anjirr lahhhhhhh opo krna bensin pertamax trpaksa isi pertamax gara shell vivo kgk adaa,negatif
motor brebet parah sampk masuk bengkel kali alhmdllh ganti bensin normal,positif
sue pindah pertamax nek tidak ngunu turbo ra percoyo pertalite,negatif
alhamdulillah pertamax turbo aman,positif
cok goblok,negatif
bahlil garanya,negatif
bahlil gantung tri goblok,negatif
laku anak anjing,negatif
ya perintah tuh dzalim banget rakyat nyabener dari sisi main allah rakyat gabisa apa izinin nuntut akhirat,negatif
kacau kacau jawa,negatif
bahlil anj motor gua brebet ngtd,negatif
tidak nge dor kah greget bnget ama si goblin,negatif
bahlul anj,negatif
bersih nama pertamax karna pertamax oplos merek pertamax bnyk beli lgi,negatif
bang motor pake ngojol rebet kaya kaga tenaga nyh paksa in aja gas soalnyh ngojol,negatif
untung tidak bbm gratis,positif
pake pertamax campur tidak motor ngerasa dampak isi pertalite,netral
wkwkw oplos pas smd juni kemarinbensinnya campur jdinya brebet smd sampe mobil jgad ampe tangki karat,negatif
betah indogila sihgua muak,negatif
bahlil asw,negatif
gess tidak milih kader partai golkar,negatif
pertamax aja tangki motor karat,negatif
heran pertalite botol warung madura tidak liat campur ya warung madura pertalite,negatif
untung aja motor tidak kena pas habis kemaren milih ngisi ecer tetangga kulak minggu aman,positif
akhem,netral
pipis bahlil,negatif
gara orang,negatif
apa laku laku main an jing an jing tidak rela dunia akhirat,negatif
bahlil kasih ethanol pertamina kambing hitam kasih solusi komplain spbu pertamina tidak gugat bahlil bijak ethanol mana kadar api motor sportmoge,negatif
salamin gua ama bahlil bang,netral
gua ngalamin padang rembet karna isi pertalitee,negatif
lha kyknya orang hbs isi bahan bakar pertamina lgsg mbrebet,negatif
motor scoopy tidak ku pake minggu tidak pake isi pertalite abis isi besok lgsg brebet sampek malu,negatif
sangu busi sing akeh jare gur perkoro busi pertamina pancen kok bosok,negatif
tuku o bp guys uda normal stok e,positif
peda rusak tidak kaget nek seng nggowo wedok,negatif
pertalite pertamax turbo,netral
motor ku supra x aman wae pake pertalite tanggal okt isi full pertalite tanggal motor lgsg brebet brebet dangdut motor nyendat lampu merah ato palang ka mesti mogok haduuuhhhhh iki jane maksute opo tooooo cb perintah lekas tangan mslah kaum dang mending sprti motor ria ganggu brebet motor motor tua susaaahhhhh monggo bpk prabowo hormat mslah cpt atas orang susah motor cm lha gin,negatif
mbakk varionya isi pertamax teruss gapernah isi pertalite motor varioku isi pertamax aman mbak hayo jangan adi ngadii motor rumah aman aja tuh tpi alam tmn sy hbis beli pertamax trus brebet tpiii isi pertalite kn kandung etanol pertalit kakak,netral
pake cair aditif ikat air aja kakd campur isi bensinbiar tidak brebet,positif
bahlil,netral
mohon spbu pontianak kalimantan barat periksa motor rusak alam bensin campur air bensin kandung air,negatif
bebeapa motor pake jalan,netral
mauk maju indonesia samsing,negatif
bengkel full senyum,positif
salah tidak ngaku,negatif
kemaren pas beli pegawai pomnya pertalitenya kayak viral t mbak mbak tidak jual aja,negatif
klu rakyat jelata langsung tangkap klu ajar jabat pura tidak lihat,negatif
ngrasain brebet,negatif
maknya skrng motor bnyak rusak,negatif
haduhhh konoha konoha gmn majuu,negatif
motor boros sbelumnya engga,negatif
cek cctv komplin jangan nunggu jam boss,netral
motor mati total,negatif
rumah bahlil waspada hati rakyat,negatif
teman alami sprti pom cmn tk mumkin ngaku orang man kpds rakyat,negatif
pertamina tidak aku curi ngaku penuh penjara,negatif
motor brebet isi bensin pom kadang mesin mati,negatif
sidak spbu trawas beli pertamax motor brebett masuk bengkel habis anjiir,negatif
hancur,negatif
beat street mba pake pertamax turbo pertamax green tidak gitu ya ngisi shel aman,positif
ulah direktur,negatif
teman teman anak montornya yamaha brebet aman montorku vario kemarin brebet parah gara isi pertamax montor kakak nmax aman,negatif
ngene iki rakyat seng kenek imbas e sepeda mogok pas wayae mapak sekolah mogok pas budal kerjo opo tidak telat mogok pas tidak due duek mogok pas budal sekolah,negatif
mba kaya kemarin kampus mati jalan tidak jalan,negatif
minggu pagi motor nyala suara mesin kyk berat ndret gtulah sblmnya isi pertalite msih bar kedip lngsung ngisi pertamax soale takut habis jalan krn jalan pagi slm jln ssekali pas narik gas nggk laju pas lpas ngegas sndiri medeni poll sore pulang dket rumah jalan raya pas tikung ngurangin gas ya matiiaku nyalain mati laginyalain jln mtr mtr mati pdhl pagi ngisi full tank pertamax pulang kurang bar kyk tidak tenaga tuh motor alhasil dorong bengkel kta kang bngkelnya pompa bensin tidak gas jd ngganti busi pompa habis an trus kemarin coba kuras bensin liat nggk campur putih kyk video ya diemin brpa bensin botol info dongg,negatif
kitaaa brangkat kerja jarak tempuh lumayan jauhh tb mati kek gin tidak bom gajiann jugaaa gmnaaa byar motor bengkell coba bayanginnnnn pemerintahhh tuh tidak mikir apaaa ajaaa udaaa kek jahatt kaliaannnn sm pdhal bensin kitaa yaa beli tidak dikasihhhh,negatif
iyo jasik dah yo ndredet goro bensin,negatif
varione ojo ploi,negatif
pantesan sepeda brebet,negatif
pantes motor gua brebet motor sehat awat,negatif
enak beli ecer klu campur,positif
pantes ngeden gas ngancleng gtu,negatif
orak campor uyoh e bahlil ssn,negatif
jember jawa timur berebbett,negatif
sma kakak madura pamekasan brebetnya ampun,negatif
motor brebet,negatif
orang klau tidak koropsi tidak makan ta,negatif
tangkp pertamina,negatif
motor yo korban petramak brebet mbrebet sopo sg tangung,negatif
ekspresi bahlil,netral
parah banget ya pertamina campur kek gin,negatif
motor brebet macet cet,negatif
pagi motor mogok kali,negatif
motor sy brebet,negatif
daerah sinjal jiga kndraan ya,netral
bahenol,positif
nyata sy alami mtr lsg tidak jln msk bengkeltrnyata dbgkel byk orang korban sm kyak alam,negatif
bumn tidak rugi ya kualitas kirakira,netral
salin negeri,netral
ama kakak ku ngisi bensin air,negatif
bukan rekayasa daerah kalimantan selatan banjar masin jua kaya gitu motor mogok,negatif
tanjung pinang aman pertalite,positif
emang dancookk iblis pertamina,negatif
korban aja elak cari solusi etanol rangin kek kek,negatif
bentar tanggap perintah tidak kaget ya ngeluarin statement bodo kek karna motor blm biasa sesuai ngomong lulus sma tidak basic mekanik,negatif
salah upaya bah buka juta lowong kerja mewujutkan visi misi juta loker rujuk dampak bengkel dadak buka loker indo,negatif
paham bang konten elu ngasih netizen wakil asa bg kali usernamenya sensor takut doi diapain tikus sono,positif
beneran kena tidak hoaks,negatif
masuk surga jalur dzolimi jabat,negatif
ku ketik bahlil azab komenku hilang bjir,negatif
ngunnu pertimini seh ngejel standar bbm sesuai,netral
kaluan th pelakux nyata menteri bahlil ide ndk brani usut,negatif
pengaruh bensin busi ya serius nanya,netral
baklilll baklilll,negatif
pertamax full dipake hari mblayu letoy gas e ilang isi bp full tank serasa minum vitamin jamu bp mantab shell super tunggu full tank pertamina jual es juice es legen ben tidak ono sing brebet jabat sing gaji digit,negatif
nemen ngene,negatif
satu,netral
motor alami rusa akibat bensin urus data lengkap rtrw dst,negatif
guru guwa sengaja masyrakat ganti kendara listrik,netral
yaudah isi solar aja sikit sikit oplos,negatif
pertamina denial anjir bukan sadar baik kualitas,negatif
jawa aja ya untung kota jakarta alhamdulillah enggak,positif
baekot aja,negatif
sepeda brebet ahinya macet,negatif
ngeles ae pertamina,negatif
sepedaqu berebbet isi pertalet,negatif
copot bahlil prabowo,negatif
bahlil bahlil wes wes,negatif
fakta campur,netral
malang singosari wis tidak aman lurrr,negatif
kemarin tabrak mobil motor mati mesin rebet,negatif
plisslah bujangmotorku brebet anj,negatif
iya kemaren nak korban pertalite motor brebet trus mogok pas servis buang smua isi pertalet ya trus busi mati,negatif
kamis pagi sepeda enak banget kamis sore isi bensin full pertamax jumat pagi brebet tolong,negatif
allah gua,negatif
termul rakyat jawa gibran solo mah perintah cari solusi sabarin ajah,netral
dasar tri bahlul,negatif
pantas,negatif
turbo kosong turbo,negatif
rakyat rugi,negatif
pake tamak mba,negatif
jumat ponakan kena sabtu tetangga minggu kakak pinjam motor brevet massal,negatif
pertamina salah busi bukan bensin,netral
awan ganti olibengine tuku bengsin full wes an langsung anak pacet pas balek sis wes bleret ganti uli yo mari bensin yo full eh adakno oplos banyu,negatif
bensin jelek spy pindah listrik,negatif
penak tuku shell,positif
kaltim bbrapa,netral
bukan brebet brebet bang,netral
eleh habis statement ya rakyat beli pertamax aja motor awet,negatif
mntang ksih murah ko tega ngoplos ya ya allah konoha tidak abis orang koropsi,negatif
oh bensin ku motor haduh gimana,negatif
spbu bawa botol aja tidak masukin tuh bensin tangki motor takut banget campur air masuk motor kasih harga gapapa,negatif
hy co iyayah,netral
hmzzz,netral
ramadhan,netral
lahadalia indonesia,netral
tolong paakkkk,negatif
tolong jangan masyarakat susah,negatif
tag bahlil smpai liat lahadalia,netral
e tolong dengar ya admin gerinda,netral
wiss ra normal,negatif
iya lg motor kek gin,netral
pakai tamak bilek,negatif
bukan ribu motor bg juta motor brebet,negatif
bau pertalite aja uda beda kyk bau busuk,negatif
samaaa motor keluar rusak gara pertalite wes diperbaikin ganti busi busi persis kyk gitu,negatif
pertamina monopoli aja buku bilang rugi,negatif
anjr vario ku brebet ka uda x bawa bengkel aja pertalite uda isi pertamax,negatif
pertamina kejam ya ga respek kah sm rakyat kecilkita antri karuan loh untk beli bensin bayar cash tidak utangkok tega ya pertamina perintah kayak jaman loh kerja,negatif
bahlill,netral
class action,netral
motor cedut cedut bengkel tidak ngatasi kecuali pertalite murni,negatif
usaha pertamin jangan ngerasa high value produk minyak jelek masyarakat make pertamina usaha monopoli market tidak usaha bbm masyarakat pke motor awet,negatif
pertamina the only one sedia bahan bakar indonesia tidak evaluasi bjir,negatif
dosa sak terdzolimi tanggung pertamina akhirat,negatif
bahasa daerah jatim kyanya sabotase daerah situ daerah aman aja gua pake full pertalite motor aja,netral
tuhh liat jelek bahan bakar motor beli kuda,negatif
knap bengsin skrang,negatif
lahadalia,netral
woy bahlull si bahlul lahadalia,negatif
lahadalia ayo yoopo perintah korban e ws uakeh ndang tangan ojo ngomong tok ae sg gede,negatif
iki pertamax yo pis,netral
rakabuming ri solidaritas indonesia gimana ug hormat fakta lapang,negatif
motor ku vario karna diberitahu akun nama bengkel rakyat motor pakai nyala mnt ethanol suhu atas derajatgw lupa ntah derajat diberitahu akun nama rakyatpekanbaru,netral
ganti rugi loo,negatif
punya lubang tangki bensin tuh karat gitu motor barumakin tidak beres pertamina tolong laporin min,negatif
komplain kembali sheeell si kuning lahadalia,negatif
bahlil anj,negatif
supra ora resiko,positif
ganti bensin truk main,netral
mobil kayak bunyi ketek ketek gitu kayak geter gitu paham tidak pdhl matic isi pertamax tidak kek gitu bunyi mesinnyakira karna pertalite bukan sihh krn bawa service ya ajacuma saran ganti pertamax,negatif
pertamina jual air,negatif
ya allah motor mio jadul satu nya skrng rusakawalnya brebet lama gas ngempos skrng jalan tidak bisakita rakyat pakklo tidak bantu tidak jangan nambahin beban,negatif
motor teman sampek diserviss lho gara pertalite,negatif
motor sinjal mogok,negatif
bonus taun karyawan pertamina campur campur untung gede,positif
isi bensin pom usaha bon beli kait produk pertamina aju klaim,netral
podo mbak poleh ta isi pertamax turbo iki beat wes brebet,negatif
pertamincuk banyak koruptol,negatif
presiden bahlil wajib pecat wajib ber tanggung prabowo,negatif
gusti mboten sare terus susah rakyat terima ganjar,negatif
demo ae kantor pertamina,negatif
obong en ae pom e ben ramee,negatif
pertamina konttoooool,negatif
isi en solar mbak,netral
solusi naikin kompresi pakai bensol opo maneh nek mumet loss,netral
tuku solar ae kak,netral
isi pertalite pertamax podo bosok e haduh yo ketar tir gae pertamax iki,negatif
kakak siang dorong motor brebet jam malam kota ketemu bengkel jam lbh trauma bukan krn dorong motor cari bengkel motor brebet celaka alhamdulillah allah msh lindung tolong perintah pikir penting masyarakat nyawa taruh skrng milih bp,negatif
meso yo kate meso nang sopo intine jhancooook,negatif
respekkkk konco wedok nyetut nggae supra,positif
rakyat tahap ikhlas jabat main curang tidak demo,negatif
pakek pertalite aman aja rejekiku pastine,positif
yo gawe pertalite aman busi ganti ngejreng,positif
bbm gak murni payah,negatif
coba ae gmn mobile pns kei pertalite koyo ngono,netral
samaaa woyy brebet parahh rugi dobel dobel tidak si gara gara bensin,negatif
mana nuntut tanggung perintah nunggu uap,negatif
tidak wa aqmbak roh ngono surung embak,netral
wing ono wedok panas panas nyurung dah motor gatheli direktur e pertamina iki tidak tanggung,negatif
perintah bobrok,negatif
yudhi sadewa,netral
beat ku kayak kakak rusak kemarin beli,negatif
pertamina iki asline krungu opo igak,negatif
varioku yo mogok gaes,negatif
ya allah kl buru tidak bayang nyeselnya kek,negatif
lapor polisi,negatif
spedaku wes brebet x gara pertamina isie pertamax seng beat parah brebet e sampe ganti injector,negatif
ya ngpain coba pke pertalitegua pnya pcx adv dri aja smpe skrng gprnh pke pertalie bukan sombong tpi gprnh aja pke pertalite,netral
honda ap kabar,netral
motor brebet ngempos gas tidak iniudah dibengkelin disaranin suruh pakai shell,negatif
stop pertalite biasa pakai pertamax atuh,negatif
pertamina kl terus mayarakat kecewa masyarakat rugi kantorpom obong jangan main masyarakat beli bukan,negatif
motor gua brebet semenjak pake pertalite anj,negatif
kendara racun,negatif
tidak jujur pertamina pom bensin ya,negatif
lahadalia garagara elu sial,negatif
serius si bahlil tidak ganti si bahlil rakyat pusing,negatif
terimakasih lahadalia,positif
tidak nyaman mahal murah ajah uang ri,negatif
tolong gmn solusi capek bgd sumpah,negatif
lahadalia maha ieu,netral
denger ni,netral
setiawan,netral
memeg,netral
motor yo mbrebet mb,negatif
bahlul,negatif
samaa njir motor gin nak njir,negatif
kakk beat ku bom taun pas isi pertalite langsung masalah mesin,negatif
pertalite campur pertamax soale brebet gitu abis,negatif
montorku sis mbentek rb anak bengkel,negatif
kmrin ak mbrebet sampe mati jalan minggu bar service apkarna bensin ya,negatif
wes penak gawe shell kon tutup,negatif
sepeda vario mending pertamax ajaron,negatif
pas mangkel mergo ngono ndongoo mbakben jabat sing dholim ndang ketangkep kabeh,negatif
podo scoopyku brebett,negatif
jarene lawak bagio biyen pertamina singkatane tahun minyak,netral
ijolno supra ae mbak enak awet tahan banting,negatif
lahadalia,netral
mbak podo,negatif
pertamina tanggung mbk e korupsi cepet,negatif
peda yo brebet mbak kiro opoo motor yo anyar,negatif
korban bang,negatif
tolong samean nang omah e bahlil mbak,negatif
ayo rin sorong semangaaat ayo pertamina bubar ae lek kualitas nggateli ancooooor nyusahno rakyat jabat balik pertamina melek o mata,negatif
pertamina suruh tanggung ya ogahh lahhhh suruh korupsi okelahhhhhhh,negatif
hayooo lhooo,netral
lahadalia,netral
swasta minyak pertamina podo wae,negatif
iyo mo mangkel,negatif
piye ki tidak karu an isi pertalite brebet ganti pertamax tidak nemen nyala mati nyala mati,negatif
tinggal daerah isi tidak pom bensin pertamina,negatif
demo pertamina kwalitas pertalite buruk hrs tanggungjawab motor orang rusak baik mahal hrs gantirugi,negatif
sengaja campur air tangki pendam spbu bocor cemar air,negatif
dah isi banyu putih ae,netral
motor ku nyendat,negatif
kalsel kena pertalit brebet,negatif
banjarmasin gimna,netral
sepeda motor baruikut brebet mogokgimna solusi,negatif
bahlul bahlul nyari aja tri tidak becus,negatif
wihh ngeriii beli situ,negatif
rapz klk e gara nilhh motor ku oke,positif
anjng lahpom suasta beklis si dajjal nyari sempat tidak kompetitor,negatif
jangan salahin bensin barangkali mesin,netral
pertalitepertamax dll oplos bang mtr korban brebet nya kirain emng dasar gwnya aja cewek makenya asalanpdhl oli aki ganti emng pda oplos bensinya,negatif
ekspresi si fefek liat vidio,netral
demo,netral
coba masyarakat kompak jangan bayar pajak,negatif
skenario teori premium hilang suruh pertalite drama oplos suruh pindah pertamax drama pindah turbo deklite mahal kualitasny depan disamaratakan,negatif
bang baca e brebet baca e enam,negatif
ethanol,netral
saran kaa rekomendasi bensin pertalite,netral
dengernya pertalite setanol,netral
pertamax mogok jir,negatif
pertalite pertamina pelittt,negatif
bahenol bahlil etanol,negatif
habibullah,netral
gilakkk yaa sepeda mati jalan untung tidak tabrak,negatif
jare pe tangung pertamina,netral
etanol kak,netral
motor beat nyoba isi pertamax berat kayak nerobos banjir,negatif
tri esdm,netral
pertamina tanggung motor mogok,negatif
bahlul kon dorong mbak,negatif
pom ngge kak jagaklo ngisi,netral
riau iya jugak,netral
panik,negatif
campur air bahaya bget takap saj kasih air,negatif
rakyat bayar pajak rugi ganti rugi ku ulang ganti rugi,negatif
aneh pas jabat sidak nyata pertalite aman aja anj kapital,negatif
motor rusak anjirrr kyk gin bengkel habis jt tidak ngaruh sadar gegara pertalitenyaaa,negatif
banjarmasin motor brebet,negatif
suen langsung ae sidang,negatif
smua pulau pakkami banjarmasin byk mogokminta tolong usut pa,negatif
heran pertamina bilang aman ajaa yaaa bingung,negatif
ngene jare cak ji ting,netral
prabowo mohon tindakada curang pertamina,negatif
pertamina tidak ngaku kalimantan kya gitu motor yng rusak habis ngisi bensin pertamina,negatif
motor mati tibaterus pas jalan efek bensin ada sma,negatif
kalsel mogok sepeda motor hbis ngisi dpomdengrkn keluh masyarakat peresedin prabowo,negatif
mtr brebet bru tdi pagi isi prtamax kerja mogok mati,negatif
pecat s bahlul,negatif
bensin zaman tidak,netral
pom bensin jiwo,netral
bahlil posisi,netral
jual bensin oplos negorone pye iki,negatif
jawa merdeka tu pulau kena musibah mulu heran,negatif
gara gara bahlil,negatif
usut menteri esdmnya min kerja tidak becus,negatif
parah pertamina rakyat beli tidak pernh hutang rugi skrng oplos tmbh dengn etanolkualat loh,negatif
niat untung ngoplos pertalite tidak laku lg,negatif
bahlil full senyum,negatif
bahlil mikir tidak tu,negatif
negara konoha rusak negara,negatif
alhamdulillah pertamax,positif
heran tidak demo anomali resah,negatif
buat goblin ijo bibit korupsi hitam indonesia contoh buruk generasi,negatif
rebet bg bukan rebet,netral
nyiksa rakyat,negatif
isi pakai bahan bakar pesawat mesin modifikasi diesel realistis,netral
gapaham si bahlil msih kerja,negatif
djjl bener menteri esdm,negatif
bahlil kon,negatif
trus gimna shell kosong balil zholim,negatif
bahlill anjj,negatif
lil lil lil bahlin goblin si curi nikel pemabok ethanol meme tolong ya,negatif
tidak bang tidak pertalite doang gua isi pertamek brebet brebet,negatif
sumpah rugi tidak duit bensin aja biaya service tidak murah laknat banget sumpah hasil rakyat derita,negatif
ya allah menteri mneteri gilaaaaa smuaaa allahu akbar,negatif
iya cok nyusahkan rakyat umr seihklas,negatif
santai aja masuk surga jalur zolimi perintah,negatif
demo c bahlil ulah,negatif
babi b teman,negatif
mtorku vario ben dino go pertalite alhamdulillah ora brebet seh soale cop busi ampe busi ne ganti seng racing awale brebet go pertalite pas busine gawan mtor ambe cop busine saiki aman rek,positif
sopan banget sukses ortu besar n didik dek untung laki kelak suami,positif
pnyae tmnku beat street e rusak,negatif
karyawan e pertimini pas protes ngomong e sepeda e seng rusuh,negatif
iki perintah turu a,netral
gua takut liat tandon air oren,negatif
audit direktur pertamina,netral
kelakuane mr b,netral
model,netral
sepeda ya mbrebet,negatif
pantes motor ku brebet,negatif
ngasih saran pertalite campur etanol sok sibuk nyusahin orang the real beban negara,negatif
heran si bahlil bijak banyak blunder mulu,negatif
beli pentol beli busi,netral
kang bengkel makasih bahlil beli ben bahlil kon,positif
bahlil pecat,negatif
puodooooo,negatif
sana spbu kode kah,netral
demo suruh pergi atur produk negeri sell ijin bebas jual indo,negatif
ket wing ko seliwer nang beranda motor do mogok iki area jatimsmoga cpt atas pertaminawah ngerugi uwong akeh nek ngene ki smoga area jateng jogya ttp aman,negatif
perintah denger suara rakyat tidak,negatif
dosa pertamina masyarakat indonesia sengsara sepeda rusak,negatif
perintah konoha cap gathel nyusahne cilik tok,negatif
mesoh a lek ijoli duet bengkel,negatif
up,netral
bahlil tidak turun besok netijen nak,netral
tiwas ngisi full pertamax mosok isi kuah rawon,negatif
nyata negara selalubikun susah rakyat,negatif
rindu ngisi nang indostasion soale wes podo tutup paksa pertamax,negatif
vario ku saiki yo kuk kuk mosok podo karo mbrebet,negatif
salah pake pertalite motor ko isi bensin subsidi sing salah,netral
sumpah kalimantan kyk gin serentak brebet april,negatif
wis alih bp,netral
pom bensin mobil sepi beli ikhlasin aja langgan pertamina,negatif
pokok ojok kongkon tanggung,negatif
opo enake isi ambek alkohol campur kuku bima ae yo,negatif
ting kompresi kendara pakemau hemat motor jalan,netral
ayo tanggung iniapa demo benah,negatif
ws akeh kjdian ngene perintah mneng ae,negatif
e mba motor ya brebet bawa bengkel kah kak mohon saran,negatif
ganti menteri tambang,negatif
bar tekko tumbas pertamax cahh,netral
doa aj,netral
susah susah,negatif
darurat bbm,negatif
thun tidak pom isi beli ecer aja desa tpi alhamdulillah aman aja minus mahal aja liter,negatif
dok en lil bahlil,positif
masyarakat indonesia serama muak perintah gabpecat bahlil nunggu coba anj,negatif
poro jabat ng ndi iki gubernur bupati sg turun cak ji walkot suroboyo,negatif
iyo wes tanggung jawabrabi,netral
pake onthel sehat tidak boros kantong,positif
mbak lak beli bensin nang pertamina mintao struk bukti ben isok lapor,negatif
wing beat ku isi pertalite nenk pom bensin danakarya alhamdulillah sek aman kakyo opo mnh ngenteni shell opo bp podo kosong kbh motore selak gawe kerjo bahlil ancene njalok koyek,negatif
motor kena anj dasar pertamina anj kualitas rendah anj mtor selesai nyicilnya kena injektornya gara gara isi bahan bakar pom pertamina pom ttng bensin campur air isi situ rusak motor anj anj pertamina anj,negatif
bahlil b,netral
untung tampa pikir rugi orang,negatif
lngsung jdiin judul skripsi aja kak,netral
kuwi montormu kepanasen gr etanolyo ketok e adem njero panasdadi busine matibusi kerak e parah resik mari jare masalahe nek busine jare pertaminamakane kudune bengkel podo speak up lk ora yo panggah golek alas pertamina anccukkk,negatif
scoopyku pakai pertamax brebet pis,negatif
mulyono opung bahlil,netral
hisab perintah negara mayoritas muslim kalah akhlak jepang negara mayoritas non muslim,negatif
saran ngotak ngatik mending ganti dlu aja dasar dasar kuras tangki ganti busi kuning bbm ganti pertamax turbo beli dlu ganti pertamax biru sekira berbed bawa bngkel,netral
bbm maha enggak qualitymenteri aja goblok,negatif
ngeles,negatif
rakabuming pakkkk tolong lahh montorku brebet,negatif
kapok,negatif
monggo pers kn,netral
tidak opo rek bengkele neng pro bahlil dwekke,negatif
malam vario tetiba mogok bensin paro kyok e ya gr bnsin kmren sabtu isi full,negatif
mangkane isio bp,netral
kayak gin gimana rakyat susah susah loh huhuu,negatif
konco sangar mbak,positif
sampe sepeda bingung kate isi bensin opo pdahal wes kentek an bensin mosok yo kudu peda ontelan,negatif
pertamax pertalite e,netral
deloken m o to mu c o jaluk ta sleding ta asuy,negatif
woiii podo mbak mang awan sektas ng bengkel ganti busi pis,negatif
darjo kota shell tutup ganti pertamina nyebelin ya tidak ngasih rakyat opsi tidak beli pertamina,negatif
honda ampas kasih bensin ampas yo brodol ges,negatif
wes like moga pertamina moco,negatif
scoopy ku anyar yaa gitu mba abis isi bensin pertalite sm adekku langsung nyandet jalan,negatif
lahadalia bnyk tutup mata kah,negatif
klaimnooo mbakee,negatif
pake pertamax aman aja,positif
sampean hak tuntut kualitas bbm sampean beli serta bukti laku tuntut wenang,negatif
banyak honda kena,negatif
ngoro jombang,netral
laksana laksana,netral
bengkel berterimakasih banyak motor rusak akibat isi bensin pertalite dapat rezeki tambah,negatif
rumah bahlil sidak tidak,netral
bner byk mtor brebet skrg,negatif
mending swasta,negatif
politik lgi ceritax,negatif
tidak campur kn kyk mi air,negatif
gara spda sy mati bensin pertalite campur,negatif
tul sy abis beli tamak sepeda mogok jl,negatif
vt spbu sajadan saksi isi bensin saksi operator spbukalau saksi aparat polisi tidak timbul resah masyarakat,netral
shell aj kek bahaya c ojol pd brebet,negatif
daerah jawa timur jember campur motor rusak,negatif
kiro motor e bahlil enek etanol e opo ora yo,netral
gitu doang ngeluh,negatif
pa danil,netral
vario ku sesak napas rebet rebet,negatif
medan kereta brebet benerin nak jtaan,negatif
emang bbr endap simpan,negatif
kena kamera pertamina,netral
motor ngadat mesin mulus,negatif
motor beat isi solar,netral
presiden mlempem,negatif
pom doang says bandung aman distribusi bbm aja,negatif
bahlil stnk basah itumah bukan bensinya,netral
si bahlill uchiha itachi kali,netral
samaaa kblangan motor tbtb mati mulu kek lemah bat lemaahhh,negatif
pantes motor bgtu anj si bahlul,negatif
bukan hoax nyata fakta motor brebet gimana bijak perintah,negatif
suaramesin kasar,negatif
bahlull,negatif
beli ecer ajaakan liat air,negatif
ngak ngak sepehku habis ribu bawa bekel,negatif
eman iya efek kendara banting valve,negatif
bahlil bahlul motor brebet,negatif
jangan diposting langsung proses aj,netral
selagi koruptor tidak hukum mati tetep rusuh penuh sampah negara,negatif
ben opo oplos banyu barang,negatif
korban malem isi pertalite pagi brebet,negatif
ancur negara,negatif
penjara gregget banget sm ngecampur,negatif
ngeyeeeel tutup wae spbunya,negatif
tolong perintah cepat selesai kasi masyarakat susah nyari uang,negatif
pertamax bet,positif
bahlil titip jokowi perintah prabowo cheosprabowo bahlil bego cuman tidak berdayatuk campak,negatif
akhr x kndraan kena rebet jg,negatif
nahh gt itusaya batas bengkel x lapor spbu spbunya aja sanggah kl bilang mesin masalah masak iya bareng jamaah gin hadehhh spbu bilang sidak aman loo bukti ancur asli,negatif
gara pertalite motor ku brebet,negatif
pertalite masalah kemarin pertamax rakyat mati hidup mala diginiin,negatif
bacut eeeeee sampe pertalite ae dioploss,negatif
lucuyg disalahin pertamina laku oploshukum indonesia emang berat belah,negatif
assalamualaikum pprabowo mohon copot aja p bahil kasi rakyat beli sepeda motor mahal ujung ujung rusak gara gara etanol,negatif
sidak smpai mna kebijkan tri pake etanolknpa mesti slah pom nyalogikaaaa,negatif
wes epok kabehh,negatif
bilang aja air,negatif
motor pake pertalet greget pake pertamax,positif
orak campor uyoh e balil ssn,negatif
moga masuk surga jalur wni,positif
gara bahlul,negatif
andai ambrozi imam samudra hidup,netral
uchiha bahlil,negatif
mang berani cape denger berita oplos mulu,negatif
dzolim aja jabat,negatif
bangga banggain pertalite dimanaa otakkk kauu emang iya bener murah tidak sehat kocak alih ron atas jangan kocak sadar napagini gimana indonesia maju perintah tukang boong masyarakat kocak sadar otak sendri,negatif
salah ya bhlul,negatif
hasil bijak si bahlul,negatif
adil bahlil mafia migas gank solo,negatif
rakabuming indonesia ri jagung suruh cek indikasi korupsi,negatif
presidene turu,negatif
hoax tidak ampun parah,negatif
banget kena pertalit untung pertamax wowkwowo kemaren liat ig madura jirr pertamax airr kenaa,negatif
beli ecer aja,netral
salah si bahlil,negatif
gara busi,netral
serakah yatanpa curang oplos untung bnyak krena tidak supsidi aja dasar manusia serakah,negatif
pertamina anj mtr gua brebet gua ngira mesin kenap smpe x service permasalahnbya bensin anj,negatif
untung jepara aman,positif
ngisi bensin pertalite jam malemnya jam mlm mati motor masak iyah korban,negatif
madura,netral
baik selang isi spbu tuh kasih selang transparan transparansi warga,positif
usut bahlul tidak gara gara bahlul,negatif
pertamina kacau,negatif
bohong bae,negatif
kelolah sumberdaya alam indonesia jangan suruh negara,negatif
motor sya mati stater idup lgi trs kya abis bensin gtu,negatif
ancurrr prabowo ngerti kaga,negatif
bang ucap brebet mu salah,netral
mbrebet bang bukan mbrebet,netral
motor ku kenna,negatif
terima kasih bahlil berkat bengkel ramai busi laris jual,negatif
